feature_index,importance_mean,importance_std
1916,0.0012938778439450932,0.0005278380636358928
1708,0.0010364140894103119,0.00013228346749741949
2006,0.001031476063527409,0.0003697167489170696
1889,0.0010144068776168497,0.0006132539213705129
170,0.0008227509609123607,0.0005806895277336552
143,0.0008178100903065977,0.0004610222873150127
946,0.0007874479336184292,0.0002896596709923458
2000,0.0006982431944996675,7.674872426117583e-05
1952,0.0006492278602062279,0.00044471709441449783
828,0.0005792028892064316,0.0004559193118347209
402,0.0005728765626461102,0.00016383820066447622
606,0.0005484243281523582,0.00061774006224657
1143,0.0005470500650673477,0.00024805988760254026
957,0.0005403716030288747,0.00029820853825523937
1660,0.0005124594987657438,0.00026936423213177736
1876,0.0005035788274208169,0.0004629684737621198
1771,0.0005004682492461832,9.801722770053037e-05
226,0.0004819460329001518,9.64242303111996e-05
1924,0.00047965761503289406,0.00026448978513501193
1457,0.0004725937180905665,0.0003856178837545532
260,0.00046793187349916665,0.00020335405909402461
1986,0.0004666759246532981,0.0003970127355098398
1499,0.0004664036730205323,0.0003446339265605875
924,0.00045947674013013806,0.00012905463760066896
731,0.00045797158240838687,0.00014971393828724127
926,0.00045716482770852274,0.00019920480901120533
261,0.00044797307374179474,0.00013430179326022815
491,0.0004354122095481111,0.00017385823047896525
1196,0.0004354120769999442,0.00016722178949624223
1744,0.000424763076705692,0.0001534993852751644
1903,0.00041995026007501934,0.00024781270513057413
869,0.0004184100343515712,0.0001991281968486766
1933,0.0004168689372629347,0.00039367293427431044
1280,0.00041600450810136413,0.00017441847455002208
1925,0.00041415481975010104,0.0007576949091412128
1972,0.00040948997008785626,0.0003457285922375654
1918,0.00040898672311261153,0.00029005983289555337
1500,0.00040595899162168547,0.0002939834181321927
1532,0.00039976797688424937,0.00037275031399264464
1671,0.00039492540192058445,0.00035211325932610587
563,0.00039366795051686,0.0002600052152072765
820,0.0003914174510513957,0.0003012663579265153
142,0.00038508580430667017,0.0007918524460969024
342,0.0003835794529830072,0.00010679402760101221
1206,0.000377782527452436,0.0002658712587824157
591,0.000373887528877917,0.0003900480823101856
1858,0.0003703140737065652,0.0004871076350631643
1674,0.00036886439194444565,0.00014005762542668943
151,0.0003656750502023798,0.000213517932185209
215,0.0003619745139211983,0.00016329568732782352
1881,0.00036107795399480114,0.0005524644508059776
536,0.0003605505122599578,0.00010584018983052938
1990,0.0003574448038986128,0.0003967163208820673
1110,0.0003568112329242479,0.0002685096836677626
1230,0.00035513465484517115,0.00024479083493396105
637,0.0003528732700400078,0.0003049617481706324
780,0.00035211744187610416,0.00020526696743376885
1666,0.0003509947181825762,0.0002869964912292801
319,0.0003472438396972394,0.00024380746334671656
1777,0.0003469438993961571,0.0003501295021687237
323,0.00034542150428795715,0.0001693360256193569
199,0.0003443084175134836,0.00012612962342019933
1906,0.00034173838090041653,0.0002769919289706954
1152,0.00033733933493118595,0.00022422530138546518
618,0.00033709665375299125,0.00031401345250896116
690,0.00033463434064823216,0.00017401562868034253
1879,0.0003326540450995369,0.0003295061546887183
40,0.00033087878047344255,0.00022539026791150253
19,0.00032979289173697135,0.00036809616050511516
694,0.0003287305073842728,0.0003908655347492434
1309,0.0003277440419722083,0.00030868321764894913
1701,0.0003260664649558098,0.00016881727495793953
1473,0.00032588832252647415,0.00040940259563476564
103,0.00032514479160228316,0.0005377620559156958
1071,0.0003243306328323259,0.00017659957892407257
671,0.00032411689962077994,0.00019579215060730524
326,0.00032231004409793984,0.00020647982680401512
392,0.0003203359787468524,0.0002693078586598791
462,0.00031955062464544826,0.00017623606298885927
1540,0.0003189386302918096,0.0005894871302894021
1142,0.00031885582234535137,0.00014741623875320385
415,0.00031512657653848253,0.00020043446575007982
1351,0.0003109494343449398,0.00015823794911608386
356,0.0003088418512432467,0.0003627951625360092
1275,0.00030807187794076873,0.0007823827779113952
1928,0.00030724929648631716,0.0004393227680989989
1093,0.0003040698963559102,0.00020407885350336063
1411,0.00030361891185001766,0.00013475364518369598
785,0.0002982496270757806,0.00020469325657235363
672,0.0002976753393251763,0.00020633530391706706
925,0.00029420135133471914,8.568124348757865e-05
928,0.00029402895288356545,0.00035441809125732077
507,0.00029339077343046305,7.835665058637024e-05
730,0.0002852935898754322,0.0004725837097493536
1041,0.0002834136465591913,0.00019398926234342077
202,0.0002798274623103114,0.0006133636973668708
418,0.00027753034851125957,0.00024023507595077637
1385,0.0002774493101071196,0.0002188291004939325
1437,0.00027709509780485253,0.00021996255302402767
7,0.0002761906885603571,0.00034495724244369295
1959,0.00027385077758809717,0.0003688640922606986
877,0.0002734080707685327,0.00024217442410171997
293,0.00027271993722349785,7.348184725725707e-05
1301,0.00027184843186009444,0.00021625283281818914
1882,0.00027153380499433943,0.00019549876444804851
1497,0.0002705370029781329,0.00021757293321995067
2005,0.0002698692426306992,0.0004869698513276024
903,0.00026901848675484064,9.468181701314802e-05
1639,0.0002686524810820434,0.00023471274156626346
564,0.00026815345889549813,0.0005091199103044997
1920,0.0002656380007361181,0.00023538913563413494
1752,0.0002644622712594802,0.00010828793727614961
237,0.00026401390470612296,0.00015971114369445915
927,0.00026364536227301005,0.00017041332773421716
1023,0.000260484935402025,0.00015406358383718272
1027,0.00025961511076845467,0.00027731821516417107
348,0.0002584019082829542,0.00010370568595553009
1960,0.00025825664950424043,0.0004779759162398448
350,0.0002565956899973215,0.0001819661837733872
357,0.00025447666366985866,0.000249174074638922
939,0.0002522489829318436,0.00014975882923445844
529,0.00025041077954857105,0.00023944078906102195
1523,0.000249251619917748,0.00012952415531810482
1567,0.00024788493281138746,0.00012704075450036676
984,0.00024133813823523642,0.0002910709014675404
1236,0.0002393396453526514,0.00014958854539537744
1553,0.00023813766845155737,0.00019865246836730193
193,0.00023755703094514857,0.00019412740046837528
1163,0.00023650695912001696,0.0002206524560367315
227,0.00023636429542348014,6.342099944967084e-05
1237,0.00023538651559724955,0.00033467651435132196
292,0.0002342839028015853,0.00011600724682484091
436,0.00023265614632213272,0.0003562087646296249
136,0.00023172555534861639,0.00032721851494695893
1408,0.00023008411213955304,0.00013990857271287618
1555,0.00022864175933832998,0.0003111072418464423
963,0.00022842898249768318,0.0004056004829576576
363,0.00022816475642940814,0.00020630607719625063
1885,0.00022749366200250365,0.0005953726860883728
439,0.00022622388922564907,0.00021642773747420057
1340,0.00022599645509574495,0.00015258827273478273
1413,0.00022515336908388028,0.0004402972271561711
912,0.00022312709636997108,0.00014610207934245538
278,0.00022076665853106026,0.0001290371442295224
522,0.00022069009136695128,0.000252855419036156
1394,0.00021949564185495818,0.0002514974369437215
510,0.00021943662497253547,0.00021474532943021083
1305,0.00021854608788292318,0.00021852613215275535
929,0.00021819309779255724,0.00012042026352182376
813,0.00021805601272917308,0.0002697183817894464
656,0.00021738538464663448,0.00020315376406450462
481,0.0002173526346429394,0.0002892911059508502
612,0.00021641747391788757,0.00021761429850578046
516,0.00021530760623132694,9.144714582393955e-05
792,0.00021176306256824595,0.0001540768379429454
1954,0.00021017311798168792,0.0003047842722471711
1984,0.00021015847302666146,0.0005512999694055432
1880,0.0002087766678246783,0.0006488686417224039
1669,0.00020858035436974176,0.0002656384912636827
438,0.00020763441717204512,7.491408812522983e-05
610,0.00020745770937577457,0.0003180238098732297
1989,0.00020678983366531623,0.0005183957330567034
31,0.0002062508009703784,0.00028488768540435686
1834,0.00020624880596757655,0.000572293187848748
1184,0.00020524937754667905,8.008320876806051e-05
265,0.00020493419439045202,0.00013954170655148775
453,0.0002039944537916144,0.0001501437516737957
401,0.00020033752457720988,0.00014453824877666598
1013,0.00020032752749536697,0.00021565948232634584
532,0.00019994564916764324,0.00013434197208386697
37,0.00019721783246480495,0.00019634994902861477
1391,0.00019493536735286365,0.00025330406733137787
676,0.0001946551606218233,0.00018818754383277287
748,0.00019433635858059906,0.000184646599389806
502,0.00019404232622648176,6.825235582139841e-05
1134,0.00019130457452513905,0.00042683498830438523
630,0.0001912876227137955,0.0003597856727615323
186,0.00018857870635359542,0.00021802231058409678
1455,0.00018857610591345442,0.00022347061623751018
1289,0.00018823159225257735,0.0004483068704975596
1502,0.00018770815033261612,0.00021884042187380508
579,0.00018754073815695216,0.0006013681593721632
435,0.0001865229858929729,8.959434036442123e-05
537,0.00018616276004745913,0.00038548028019362834
850,0.00018560016600792373,0.0003280401281678815
805,0.00018474492755748972,0.00026863189947590025
825,0.0001843151286095024,0.0002529991296924356
379,0.00018287544647618836,0.00031690677614692916
107,0.00018267297364532586,0.0003583616936527248
403,0.00018182758335971716,0.00023013209641389745
827,0.0001811940011318125,0.00020238784410546264
106,0.00018010242645256913,0.00037933975770571926
349,0.00017900375318832817,0.00026692762372145396
989,0.0001779388295112122,0.00021454229577075242
915,0.00017459800322491836,0.00022834376549292222
86,0.00017426245621540715,4.391456366598036e-05
1799,0.0001742615981659562,0.00028019553192146435
388,0.00017177723060926575,3.713189014726606e-05
600,0.00017040243195701188,0.00010661111559654458
1648,0.0001681383775441886,0.00022070019328049377
1692,0.0001680562317670775,0.0001778611182728261
1852,0.00016788184422734942,0.00031770362401592413
147,0.00016730978978826694,0.00041741891717899786
1306,0.00016720353426395718,0.0002643341828005766
1358,0.0001656340766558878,0.0002054037097991891
24,0.00016472425172749106,0.00026340869047513244
454,0.00016417588715499087,0.0001976501296428609
1851,0.0001634588483884758,0.00027349183400422343
21,0.00016343420718197,0.00028642791793784505
365,0.00016320346398766838,0.00017929517683192497
1117,0.00016278302707509185,0.0004178578103393369
1908,0.00016257948794051735,0.0001659202572166434
51,0.00016116709432588416,0.0001008491743731833
540,0.00016022460581031905,0.0001718946356142986
580,0.00015843772261633915,0.000292331134321913
1101,0.00015839417485748186,0.0002695234889415855
771,0.0001580761279220272,0.00026039045888311607
1501,0.00015762416934579637,0.0003095462468054938
1732,0.00015759577497190258,0.0003299463820621213
371,0.00015756191313215373,0.0002158844148205167
448,0.00015663196832085835,0.00021033991817839964
1761,0.00015560188914628958,0.00020050212861684292
1951,0.00015548459277270332,0.00027639486211312856
373,0.00015448370202929274,0.0003162693041785754
1144,0.0001543276178828934,0.0003340230432210091
201,0.0001530276461771951,0.0002079754689661235
339,0.00015246579854230613,0.000266601422473375
910,0.00015176919522003063,0.00015474472736854615
445,0.00015122877847560667,0.000226597916864816
1119,0.00015013134242820858,0.00014799799249817143
568,0.0001500829465373582,0.0003966504895987258
1698,0.00014888902922027825,0.00021346792260391298
531,0.00014527892571669643,7.52513065965286e-05
711,0.00014467472701532036,7.300221863668855e-05
1883,0.00014460992170496623,0.00014964098946983735
1258,0.0001440241780364393,0.0002701574152892708
1622,0.00014237156393144546,0.00020247244071170453
1279,0.00014201402097106797,0.00012830575250237213
10,0.00014101482986930702,0.0002412155447915092
223,0.00013714148198742948,0.00012352393513182257
483,0.00013632692866646923,4.01600747019302e-05
726,0.0001349579868205053,0.00015957995850494132
1899,0.00013353519337853947,0.0003298687147661998
1559,0.0001326532587147683,0.0003362397165572476
713,0.00013152893955740985,9.321825087119817e-05
162,0.00013109629877894324,0.00015781641372556725
1064,0.0001294780514337207,0.00011313743808626095
1218,0.00012767960164798697,0.00019940502537008176
1579,0.0001275543158845427,0.00011744611688898847
598,0.0001273488825153518,0.00023224593325683762
1302,0.0001271147558348229,0.00035449783975239854
190,0.00012700643799753997,0.00019571530942976773
1926,0.00012680890058497374,0.0001940344843002638
1909,0.00012584801191442563,7.924310373601702e-05
490,0.00012580825152345987,0.0003509908209992139
834,0.0001250130700487101,0.00015655170056951356
1661,0.00012358670633495772,0.00019215910997913408
1580,0.00012355686016539413,0.00020288099723257024
1447,0.00012336796478554235,0.00022276139619607796
1286,0.00012276644924678892,0.00026161181891094115
633,0.00012273719678959627,0.00023754794371870505
1141,0.0001224068855333882,0.00010977492315383064
400,0.00012192228351697032,0.0002633416287562474
921,0.00012186307548500697,0.0003929151417881982
1658,0.00012091281015862154,0.0001554948941757902
360,0.00012000431412197143,0.00015410877807482977
542,0.00011902301805546966,0.0003091521527776572
155,0.00011883148963633128,0.000370390463833681
188,0.00011877468945681313,0.0002667999353437381
1874,0.00011809993335483437,0.0001906525389700682
451,0.00011746802459737526,0.00011065082747641801
128,0.00011596265392552207,0.0002150194902918279
1855,0.00011436292970093409,0.00033119991045888326
375,0.00011399019980068426,5.360027906971735e-05
184,0.00011386707223121073,0.0002659197361639163
229,0.00011333434573604362,7.401020787716082e-05
15,0.00011328441825560198,0.00018108976788347537
1730,0.00011299474504905538,0.00017460601054629374
1546,0.0001127485591723848,0.000263841706008672
396,0.0001124210127484565,0.00028276467353316876
1507,0.00011215060224815943,0.000234434457990268
2002,0.00011009609167215995,0.00033428184022812977
679,0.00010961857251491625,0.00022967111243059332
1950,0.00010840450476894137,0.00034357909394413117
1418,0.00010840020305608045,7.706104964770371e-05
685,0.00010800562774818112,4.729822513474491e-05
641,0.00010783872850012033,0.00013142603360944801
185,0.0001074443093937727,0.00021785985454195173
1220,0.00010742585664114124,0.00020520561273525134
1406,0.00010690057989973245,0.00020803968606725764
629,0.00010621026095512798,0.00015137248794136062
283,0.00010616121766943154,7.61902165974119e-05
1737,0.00010582806857913074,0.00026878648261006413
165,0.00010547046935839577,0.00016964270202481975
406,0.0001053453572988916,0.0001699740461996949
84,0.00010521906856586494,0.0
466,0.00010521906856586494,0.0
1998,0.00010521906856586494,0.0
1363,0.00010469552189870668,0.0002113752045906893
80,0.00010386430327363749,0.0001527465269625609
1422,0.00010341860550926174,0.00028194186966294297
156,0.00010086017589770735,0.00016735089328035702
654,0.0001007366703478646,0.0002787761157903682
1269,0.00010068301245019784,0.0001375689518561426
1585,0.00010021484020336646,0.0002017873414884442
853,0.00010008766427833937,0.0002325000158717404
39,9.931641630231414e-05,0.00016868837445860646
56,9.825079480721421e-05,0.0003639594208526013
122,9.813782340925559e-05,0.0002693333992756191
1783,9.786362641170387e-05,4.589088955573778e-05
431,9.630385575061517e-05,0.00025548723940377907
1011,9.628080553154839e-05,0.000308290104378148
344,9.59081120331523e-05,0.00013432301467534646
768,9.57053905352584e-05,0.00017390790958732793
395,9.521250116621693e-05,0.0002863712882180561
390,9.497526247226329e-05,0.0003655882804619889
1024,9.485216482355008e-05,0.00020966841674043682
613,9.464275664274047e-05,0.00015130938219109927
1174,9.430615089651984e-05,0.00019216953038288248
1512,9.3778624330354e-05,0.0001925366601299824
1999,9.333889117416061e-05,2.7438436242594786e-05
1840,9.333013753326513e-05,0.0006240024823961658
809,9.276985261598425e-05,0.00022621253566628633
1403,9.238672035061235e-05,0.0002270966908588911
1260,9.218687195641784e-05,0.0003186280533558349
1108,9.134647568975751e-05,0.00022700299847721242
506,9.025108706280094e-05,0.00010840726535523126
623,8.965980696004627e-05,0.0002912196320919792
1210,8.958379065032718e-05,0.00025443478387083103
1890,8.91584632304182e-05,0.0003866551223280729
1731,8.844476374762766e-05,0.0002996563186188092
55,8.680456085970178e-05,0.00019348751374165333
1183,8.658264491093193e-05,0.0002969431557389678
300,8.631381799696636e-05,6.519850021854678e-05
1395,8.622869122563992e-05,0.0003992546731824081
374,8.600934375721514e-05,0.0001833113985545862
58,8.574751004027104e-05,6.290580875970788e-05
650,8.52833959812116e-05,0.0001219979762640293
54,8.376280145701298e-05,0.00040821719980960387
1109,8.357352471544122e-05,0.0001632406084641136
385,8.30757509628216e-05,0.00018513443342266242
218,8.296813707953099e-05,0.0
331,8.283635318764859e-05,0.00026923111399676834
1914,8.159827124940011e-05,0.00020426461158125434
426,8.071807277390541e-05,8.097161264950508e-05
1948,8.040600215362959e-05,0.00038729110876970825
1672,8.033459293108058e-05,0.0001750244840289761
1549,7.970641590346328e-05,0.00034416027084020116
1831,7.960872066639646e-05,0.00038557088512994656
1010,7.921166147786818e-05,0.00016489232267549234
1323,7.919328651420643e-05,0.0004521861219081017
115,7.89143014243987e-05,4.5561193170287864e-05
1338,7.84944784375241e-05,0.0002099877313995767
412,7.776045401254594e-05,0.00020397365328873288
474,7.74437560724095e-05,0.00026914957117485404
416,7.656065698971593e-05,0.00010510899981790724
1887,7.621244687823492e-05,0.00016981295113604615
1312,7.60257425173605e-05,0.0005356226034225492
1894,7.567933077197442e-05,0.00025558510675540173
1535,7.562058218439638e-05,0.0002036779283343584
425,7.554682478383423e-05,0.00016342314969197143
1578,7.548472380564109e-05,0.00012508217549862783
1250,7.481021168898039e-05,0.00031371655604473686
852,7.453524180126014e-05,0.00010465293946099613
34,7.443630730240292e-05,0.00023596262627984747
430,7.385442988640245e-05,2.8107844791483902e-05
203,7.385111239682773e-05,0.00041953631418568184
511,7.334819774902634e-05,2.018818138451536e-05
318,7.322549509933274e-05,0.00012547950784137568
1170,7.297140227882637e-05,0.0001391394551640758
101,7.259711994458962e-05,2.7439132181844473e-05
68,7.259711994458962e-05,2.7439132181844473e-05
98,7.259711994458962e-05,2.7439132181844473e-05
99,7.259711994458962e-05,2.7439132181844473e-05
1347,7.123343522401349e-05,0.0002171861590037174
251,7.056647604865296e-05,8.853244311978449e-05
1386,6.995741932490362e-05,0.00014350960915614339
187,6.89327006663798e-05,0.00021266985933569694
124,6.86081250046433e-05,0.0001238798003813094
1480,6.859036942788443e-05,0.00021435492095958763
899,6.808798996053855e-05,0.00015336645523060283
1828,6.743404400869069e-05,8.399902503342837e-05
391,6.705192320473341e-05,7.319491126271574e-05
1895,6.683862600387336e-05,9.123882633665418e-05
725,6.559473607803401e-05,0.00024765345847018014
674,6.555928377274811e-05,0.00033670935035529423
1719,6.49388925132166e-05,0.000111581545517692
389,6.479108709155079e-05,0.0004976191039672902
1817,6.46972520923772e-05,0.00040889201193684355
816,6.376287604339947e-05,0.0005067209898589099
338,6.343965924150707e-05,0.00013360905998735493
1481,6.316122021825243e-05,0.00034049688276961075
225,6.306539642143838e-05,9.159964556157374e-05
952,6.284406671069886e-05,7.909733527091917e-05
1244,6.275947393646897e-05,0.00013074004976878416
52,6.244119502085699e-05,0.0002542548636266758
1348,6.218086412204671e-05,0.0001686366985640935
1211,6.203086111569722e-05,0.00021351566299985598
842,6.183204626020178e-05,0.00014432473659287186
1636,6.152439161809242e-05,0.0003248029502524759
835,6.134519510402059e-05,0.00016157928041144698
1069,6.127684744504369e-05,0.00029329580640048047
354,6.0948705920715884e-05,0.0003050184002804648
1850,5.975160803568802e-05,0.0004493261719394481
1566,5.8779848380874355e-05,7.495104562685423e-05
1710,5.8479524279772543e-05,8.066462757893752e-05
1505,5.840251056347945e-05,0.00017481980498502053
1246,5.833972574019464e-05,0.0001895204099011616
398,5.815521391418221e-05,0.00010648405354403076
296,5.802670604204696e-05,0.00013698881608025749
224,5.7710039999409046e-05,0.00022576870432967935
1478,5.748636043177713e-05,0.0002850084330093161
1870,5.6345171257896065e-05,0.00038159173387197895
475,5.6237902458150524e-05,0.0002833858178632134
934,5.6139136974303616e-05,0.00014396900589474607
85,5.6097753297873476e-05,0.00015523489979085706
222,5.5828753894052174e-05,8.344463640014102e-05
189,5.571495346501365e-05,0.00018845580933912162
701,5.3848185899318946e-05,9.305304267439678e-05
1987,5.37496124734943e-05,0.00037732196061495646
1611,5.370519907973992e-05,0.0004253120269522991
558,5.28236771092927e-05,8.814362873536328e-05
1470,5.2435222346741694e-05,8.60842304674265e-05
1191,5.201428151350995e-05,0.00015126907677457538
420,5.185508567470687e-05,4.01667766468597e-05
352,5.185508567470687e-05,4.01667766468597e-05
498,5.1854822634395115e-05,5.7742859934300435e-05
1390,5.143619648408093e-05,0.0002659940240760416
1824,5.128762987156865e-05,0.0003281655858689587
397,5.063791187030764e-05,9.145632790215425e-05
25,4.907884521344885e-05,0.0001548341995476272
473,4.8388054047887596e-05,0.0001945324363508248
294,4.816012597126662e-05,7.301884642174515e-05
1256,4.768329889470735e-05,5.1224564222102765e-05
947,4.758902013729527e-05,0.00032135106623678433
1758,4.535707300608316e-05,0.00012230293939829312
1548,4.50656585118947e-05,0.00017708476443530413
644,4.451532934371394e-05,0.0003036198413060234
1800,4.446042510665438e-05,8.123539404145039e-05
1082,4.319863077814623e-05,0.0002997403725088561
1891,4.311823829222794e-05,0.00020764443593197665
480,4.2875414235921117e-05,0.00010546872542403394
1065,4.281678926695842e-05,0.00010012240909680751
602,4.274890720198932e-05,0.0002665941974660494
930,4.145136770999924e-05,0.00020194613586207584
1015,4.106462806947875e-05,0.0002833115778817999
407,4.028339199707576e-05,0.00026445994153948547
1215,4.014755142069115e-05,0.00029416497044894573
638,4.002243492332025e-05,0.000182265681347106
73,3.945715071219935e-05,5.093896253238141e-05
1389,3.9278682346585714e-05,0.0002993931321131182
1845,3.909687946002105e-05,0.0005670388633530109
1147,3.87009394948179e-05,0.0002466228777489005
774,3.8329834872743995e-05,9.21715272709438e-05
1803,3.8281884473995165e-05,0.00030776269742451197
1616,3.827164593535326e-05,0.00022778948634584207
512,3.8226144082401103e-05,0.00025525177052192725
923,3.778224016788567e-05,0.00016506806834781464
1539,3.702772795040332e-05,0.00021414938313712618
1983,3.6627681896606035e-05,0.00015200409216375923
1433,3.634840642161019e-05,0.000181844102433129
428,3.593051272118841e-05,6.675373874426643e-05
752,3.552106585148762e-05,0.00024979375692339234
1343,3.551292490747149e-05,0.00020180837254648695
244,3.5368405347846466e-05,4.5924041027801026e-05
1893,3.5292657366903235e-05,0.0003824776083678636
767,3.429266909332762e-05,0.0002231524452499318
381,3.333800653010366e-05,0.00042313128671545534
673,3.301454310684904e-05,0.0002971477209408861
810,3.2928567350890003e-05,0.0002435174055504255
414,3.184831089558804e-05,0.0001221920370293484
494,3.18366045345686e-05,0.0001156454428547156
1204,3.1545503340973946e-05,0.00015921802638301126
1534,3.1481005087818925e-05,0.0004008075425541852
1140,3.122913281836115e-05,0.0003568221097918937
892,3.060423548181812e-05,0.00013821906302959738
1825,3.050465830789495e-05,0.0002364011324756504
1962,3.0402361181999793e-05,0.0006542673830434911
1242,3.0391233201018664e-05,0.00021042771556214622
433,3.009495957388697e-05,0.0001461320726767103
413,2.992807233789807e-05,0.00015400552154714456
1232,2.9395928407199845e-05,0.00017773825719231284
541,2.934130790110956e-05,0.0002607923775503403
1526,2.926374259584752e-05,0.0002537351839538311
1832,2.7729499632644927e-05,0.00032395163312540193
347,2.7685910654329238e-05,0.00024209045758615702
1782,2.7608390719233156e-05,6.813940845246516e-05
943,2.7257058649352017e-05,6.431609906071334e-05
951,2.6016788266386426e-05,0.00019469707845015758
232,2.587897958389318e-05,8.031452782195998e-05
289,2.5557503790712977e-05,9.02007229310809e-05
1067,2.5244970026594427e-05,7.415614449283213e-05
1453,2.471098703303587e-05,9.562781310600809e-05
1823,2.4645791958433083e-05,0.00016809810598555778
1035,2.385003242666439e-05,0.00019048972308366094
463,2.2945729972356776e-05,0.00011494576365041057
1384,2.2406204483446657e-05,0.00017506165875967098
1754,2.192638310546946e-05,0.00034721144028535103
833,2.1859717042591043e-05,0.00018063513734937713
1937,2.1430882786180327e-05,0.00021122124355631345
970,2.1203955698739785e-05,0.00019677202306656096
661,2.117257490873159e-05,0.00015006131135559284
239,2.0742034269882748e-05,3.592625720777174e-05
93,2.0742034269882748e-05,3.592625720777174e-05
272,2.0742034269882748e-05,3.592625720777174e-05
677,2.0248366892142156e-05,0.00014980254076219906
159,1.9730323668809557e-05,0.000119519395490922
1460,1.909812543046674e-05,0.0001933986587279965
355,1.901928110362161e-05,0.00017215291408807234
1219,1.740632092808725e-05,0.0002922520764018329
1930,1.6902303150795328e-05,0.0004491298375337283
1659,1.677031219150804e-05,0.00023928060654620947
699,1.633138933808398e-05,3.953989714804538e-05
1339,1.6237487834538933e-05,0.00037490467492840506
1262,1.5974949142807948e-05,0.00021209861899877517
47,1.5534067748276814e-05,0.00014466144616096698
311,1.4624356112893921e-05,3.2741633357877284e-05
1923,1.4501438827585478e-05,0.0001508007995738889
1044,1.3596505078497523e-05,0.0001761562612324014
60,1.3152383570733117e-05,3.479793607589153e-05
230,1.3152383570733117e-05,3.479793607589153e-05
50,1.3038813859889142e-05,0.0002303869367933144
898,1.2498694106452546e-05,3.306843631874209e-05
470,1.2498694106452546e-05,3.306843631874209e-05
1315,1.2178076377100666e-05,0.0004295167651977417
700,1.1890560499397407e-05,3.542927743336765e-05
1583,1.1753320793117528e-05,0.0001464687703312928
1373,1.0371017134941374e-05,2.7439132181844473e-05
214,1.0371017134941374e-05,2.7439132181844473e-05
267,1.0371017134941374e-05,2.7439132181844473e-05
1112,1.0287173436457353e-05,9.711098151586156e-05
1755,9.852171140661836e-06,9.166393461024398e-05
686,9.150838290228336e-06,6.10618572363951e-05
914,8.79339551919378e-06,0.00010514753963928645
1208,7.537444608129995e-06,0.00012719061697380612
1337,6.751544001273868e-06,0.00016140260352310687
129,6.495304055428863e-06,6.59168019066484e-05
1334,5.978413726070997e-06,0.0002698014800624085
489,5.819150825162045e-06,5.751386639926806e-05
1310,5.598312465340816e-06,0.0001680307518621836
760,5.195574222932597e-06,0.00018772347827491047
812,5.189248790837819e-06,0.00017742363625006664
1609,5.155080428698167e-06,0.00013625467595789324
1366,5.139283017693841e-06,0.0001806116801837017
1977,5.03313613936518e-06,0.00011598981400400053
941,4.947790968892751e-06,0.00013252575979294122
493,4.817461316364291e-06,5.605768041305893e-05
1917,4.615297521395889e-06,0.00018258549151468507
800,4.593851347517441e-06,7.707254408158378e-05
89,4.367612684630373e-06,0.0002989029786672697
364,4.1186909199297794e-06,0.00017893845153492632
48,3.1701280570756163e-06,8.195241411089368e-05
615,2.8042502491498755e-06,9.360701236726665e-05
1769,2.722495458240548e-06,0.00011527931736918163
1235,2.097897482372657e-06,4.329214508645281e-05
945,1.982728018851132e-06,0.00013824374679345718
1919,1.8751946298939393e-06,0.0001367599066206314
1663,1.848456057551573e-06,7.177034103248688e-05
1380,1.7913100239241864e-06,0.00013297300799546474
1837,1.4340817436897524e-06,0.0001593843287650801
1992,1.3215615562722771e-06,0.0006991361096529553
299,1.2589016662178931e-06,3.330740733897388e-06
312,1.2589016662178931e-06,3.330740733897388e-06
1474,6.533841746397817e-07,0.0002187573274254721
1404,4.6337224535175636e-07,0.00019858248032905172
322,2.636951818985045e-07,0.00019422109228535564
280,0.0,0.0
91,0.0,0.0
66,0.0,0.0
64,0.0,0.0
117,0.0,0.0
276,0.0,0.0
270,0.0,0.0
465,0.0,0.0
77,0.0,0.0
277,0.0,0.0
288,0.0,0.0
459,0.0,0.0
297,0.0,0.0
468,0.0,0.0
469,0.0,0.0
100,0.0,0.0
65,0.0,0.0
281,0.0,0.0
290,0.0,0.0
279,0.0,0.0
291,0.0,0.0
78,0.0,0.0
96,0.0,0.0
268,0.0,0.0
69,0.0,0.0
464,0.0,0.0
496,0.0,0.0
702,0.0,0.0
486,0.0,0.0
59,0.0,0.0
118,0.0,0.0
254,0.0,0.0
9,0.0,0.0
495,0.0,0.0
81,0.0,0.0
74,0.0,0.0
70,0.0,0.0
253,0.0,0.0
1980,0.0,0.0
455,0.0,0.0
252,0.0,0.0
250,0.0,0.0
249,0.0,0.0
14,0.0,0.0
255,0.0,0.0
83,0.0,0.0
248,0.0,0.0
258,0.0,0.0
216,0.0,0.0
119,0.0,0.0
120,0.0,0.0
79,0.0,0.0
29,0.0,0.0
63,0.0,0.0
320,0.0,0.0
266,0.0,0.0
282,0.0,0.0
682,0.0,0.0
241,0.0,0.0
1806,0.0,0.0
82,0.0,0.0
497,0.0,0.0
75,0.0,0.0
61,0.0,0.0
482,0.0,0.0
231,0.0,0.0
274,-2.651988906254843e-10,4.1484598940089756e-05
1765,-3.508804352625461e-08,0.000278445795311693
872,-7.218810797737785e-08,0.00020072752149335224
1649,-3.2270630354047647e-07,0.0001876912958223878
461,-4.259119426308633e-07,8.139377321968732e-05
243,-6.499653153885232e-07,5.13070593267118e-05
1593,-6.499653153885232e-07,5.13070593267118e-05
1911,-1.5963719873085536e-06,9.700792168821962e-05
285,-1.6520396597802245e-06,0.000111208518567469
383,-1.9205299144481325e-06,0.0001235064828948568
345,-2.021328080539786e-06,9.713029523464774e-05
1789,-2.1315151524370357e-06,5.639459009114327e-06
1781,-2.2335291547936897e-06,8.48920636228408e-05
1835,-2.43158609949945e-06,0.00023007185860304756
1787,-3.3913232587029496e-06,8.97259795795717e-06
1854,-3.3920634947420814e-06,0.00022069792656518927
959,-3.404876390916689e-06,0.0003435389328818235
1665,-3.4104026917086694e-06,0.00024848135113891845
303,-3.672757417236272e-06,0.00020848492405627778
881,-4.5504415162184175e-06,0.00020483444200896134
399,-5.724409894367066e-06,0.00020807561413777097
1050,-5.751355087998955e-06,0.00032107331057654545
1873,-5.87119789130508e-06,0.00017892962451509814
1222,-6.05811179900384e-06,0.00035549545621835053
714,-6.565558082510803e-06,5.272074588904333e-05
950,-6.656949505121079e-06,0.00019466027950212894
351,-6.839624088095242e-06,0.00025010322609007613
1739,-7.058063511922175e-06,0.00012137975195957428
1644,-7.321426585535362e-06,8.213077336150403e-05
588,-7.422582902386066e-06,0.0002560171090619564
1780,-7.489846034602898e-06,0.0002069951425224874
727,-7.842411600650356e-06,8.107375844489244e-05
1994,-8.25472932741711e-06,0.0001075821870271194
1238,-8.364233542570987e-06,0.0001076661064809745
798,-8.658826509480577e-06,0.00013234313152814074
442,-9.129661427020874e-06,0.0001859965668486122
212,-1.0371282333832e-05,2.743983383215704e-05
487,-1.0371282333832e-05,2.743983383215704e-05
1595,-1.0371282333832e-05,2.743983383215704e-05
62,-1.0371282333832e-05,2.743983383215704e-05
22,-1.0371282333832e-05,2.743983383215704e-05
1356,-1.0371282333832e-05,2.743983383215704e-05
102,-1.0371282333832e-05,2.743983383215704e-05
471,-1.0371282333832e-05,2.743983383215704e-05
1810,-1.0371282333832e-05,2.743983383215704e-05
275,-1.0371282333832e-05,2.743983383215704e-05
1792,-1.0371282333832e-05,2.743983383215704e-05
95,-1.0371282333832e-05,2.743983383215704e-05
1017,-1.0416081612937833e-05,0.0002610714228472895
262,-1.0434926639171782e-05,9.2662143513211e-05
220,-1.1374081666584712e-05,0.00019651031254151274
1707,-1.1567777509630117e-05,0.00013322119030208246
1360,-1.1733853102324776e-05,0.00015088902239905247
1941,-1.1807663233928678e-05,9.48536904173155e-05
1724,-1.1916107075723992e-05,0.00023992152665898618
1715,-1.208973757289844e-05,0.00013720837207906154
684,-1.2500782521199238e-05,3.30739617447962e-05
707,-1.2695710250754111e-05,6.707044064475562e-05
346,-1.30377484582056e-05,0.00035684976846427443
896,-1.3110583064301906e-05,6.306609518791408e-05
259,-1.3144935272949021e-05,6.306574457555087e-05
484,-1.3144935272949021e-05,6.306574457555087e-05
72,-1.3148659421841069e-05,3.478808290407779e-05
284,-1.3148659421841069e-05,3.478808290407779e-05
271,-1.3148659421841069e-05,3.478808290407779e-05
4,-1.3148659421841069e-05,3.478808290407779e-05
126,-1.3148659421841069e-05,3.478808290407779e-05
1811,-1.3148659421841069e-05,3.478808290407779e-05
1162,-1.3192871988129684e-05,0.00012341639282160982
1978,-1.3362587216500521e-05,8.82091291445795e-05
424,-1.3423227656475523e-05,0.00011904243253831322
729,-1.3646403192429934e-05,0.000249311274794645
92,-1.3798624737229592e-05,6.185089088897271e-05
683,-1.4277555485747717e-05,0.00012250433008413828
452,-1.4318438858643145e-05,0.0001272109156815694
566,-1.4477272581414624e-05,0.00011978035156307032
1531,-1.4925788761860348e-05,9.867757992958679e-05
819,-1.5224520065040825e-05,0.0002123220353144353
295,-1.5276696052876626e-05,3.2839376278020015e-05
848,-1.5341446317804208e-05,0.00010464292981801237
198,-1.538691818783744e-05,0.00013492261874268802
1668,-1.538887042019932e-05,0.00022175980246594745
1330,-1.5452784292033228e-05,0.00013412407435816254
76,-1.5702880594478663e-05,7.505592081570041e-05
1375,-1.5926301708740764e-05,5.807764456874315e-05
1907,-1.63772659177025e-05,0.00021160706709385377
94,-1.6478991107293783e-05,0.0001720281839175545
1922,-1.6937156598714753e-05,0.00026486120586819
233,-1.7121949118500956e-05,0.0003494539565579799
652,-1.7272026385767303e-05,0.00021808468731891539
942,-1.735814858500051e-05,5.18363217707609e-05
1265,-1.8706609769617022e-05,9.052995771017199e-05
1525,-1.901685852011281e-05,0.00032382193958974625
148,-1.9182877298157264e-05,0.00026879013608429117
860,-1.9334513524232877e-05,0.0002348182395197189
1596,-1.9351758708291422e-05,5.7595053093848416e-05
394,-1.971743109696611e-05,0.00011617656877028972
1689,-2.0507649782022797e-05,0.0002739996573405358
687,-2.074056903401955e-05,7.899601320025172e-05
336,-2.0742564667664e-05,3.5927175883677085e-05
560,-2.0851279289038627e-05,7.838965830769863e-05
1942,-2.171140349158107e-05,0.0001345120487943141
1217,-2.242872503045723e-05,0.00026760401085811053
269,-2.242985989173163e-05,7.116747845470865e-05
1226,-2.2809182305363884e-05,6.436816818466421e-05
1324,-2.28275051516319e-05,0.00024396377777026
871,-2.2842941261466687e-05,0.00018704691651667745
125,-2.2937747546650233e-05,0.000408445646407346
1953,-2.316079215206046e-05,8.929024469001472e-05
1303,-2.319356742952472e-05,9.973900287932807e-05
456,-2.363007542975637e-05,8.05233859175e-05
1259,-2.3982732281782604e-05,0.00010382881522325141
626,-2.3997571111877836e-05,0.00013450208037717152
1319,-2.4302809792708935e-05,0.0004454321841758805
705,-2.480072048791082e-05,8.242854826733971e-05
488,-2.5001565042398477e-05,4.33039809221721e-05
1571,-2.5001565042398477e-05,4.33039809221721e-05
1683,-2.5431045402105057e-05,0.0003384585970523645
1638,-2.562191587499041e-05,0.00011429725769483623
1558,-2.588480605780763e-05,0.00020842134987326713
712,-2.5936443428770106e-05,3.710236587406617e-05
704,-2.5993182752412358e-05,0.00011996925797567416
993,-2.6033361018168444e-05,0.00019710799519958024
429,-2.6297318843682138e-05,4.55482923400959e-05
1573,-2.6297318843682138e-05,4.55482923400959e-05
245,-2.6297318843682138e-05,4.55482923400959e-05
213,-2.6297318843682138e-05,4.55482923400959e-05
807,-2.673410923799413e-05,0.00017524120197817965
1868,-2.7133080194835513e-05,4.2431778564871645e-05
1996,-2.7232168728297257e-05,7.045806580714643e-05
775,-2.7268768324484327e-05,0.00016303390353762572
53,-2.7627461497189976e-05,0.00016135128498860193
826,-2.7716370644387256e-05,0.00018756421351956543
1442,-2.7736314021614694e-05,0.00020155694935301995
1582,-2.776395381719199e-05,6.296903645885839e-05
1247,-2.818687123122554e-05,0.00010091923147840673
1809,-2.8214988962438348e-05,4.902006365957754e-05
1995,-2.8392888301101427e-05,4.226305123578349e-05
171,-2.8694083851268926e-05,0.0004429773578211472
1853,-2.9058485563102088e-05,0.0007197907379845641
240,-2.9071240579825464e-05,8.324212508523819e-05
1892,-3.0081831851908047e-05,0.00014403419482583374
1623,-3.011321521524668e-05,0.000240217005733606
1452,-3.0349495258027992e-05,0.00033061974142502856
1575,-3.099263124933804e-05,6.694827092330801e-05
298,-3.1003652930169934e-05,8.179697613187024e-05
1005,-3.2053387410413414e-05,0.00013025971019071356
334,-3.2517251666391855e-05,0.00037791898193406003
1723,-3.275373697392281e-05,0.0001521606519857605
1469,-3.2946576466907906e-05,0.00012207167166235582
1641,-3.3976549538988765e-05,0.0002226478473626888
742,-3.428079102631154e-05,0.0002177045621850069
778,-3.4795162440481864e-05,0.0003600959074534111
1742,-3.4798958144080516e-05,9.778225909913752e-05
808,-3.516574043033183e-05,0.0001489369258904658
28,-3.5659140804583656e-05,3.755626404687706e-05
458,-3.57285858629125e-05,8.670133542163825e-05
1753,-3.5731721335890976e-05,5.028992555303934e-05
423,-3.587578837575822e-05,0.00010123646572120327
1276,-3.611625256251527e-05,0.00016682417486899964
1577,-3.612763023087828e-05,0.00011338231983289599
1688,-3.671706080884962e-05,0.00015212348924266355
884,-3.675324759706833e-05,0.00023953493153493723
26,-3.695274980655694e-05,0.00017265527923598575
1193,-3.765437379471548e-05,0.0002823516137004866
635,-3.7699859128825786e-05,0.00026937011673513046
196,-3.7994984175282465e-05,4.214792005068031e-05
897,-3.8045592948260376e-05,6.249199464211721e-05
33,-3.805036305797038e-05,0.00017611139490879193
1927,-3.842099649917219e-05,0.00010687949407155006
505,-3.864981451615068e-05,0.00020100914928689208
1807,-3.944225771476684e-05,7.319995049597005e-05
887,-3.973576066521045e-05,0.00025119086732329927
1378,-3.992566913207929e-05,0.00016890130190582228
1627,-3.9965911869180304e-05,6.611884209859571e-05
1588,-3.9998984807415594e-05,0.0004649513773534724
157,-4.057654343837813e-05,0.0002552269567271527
1735,-4.092901980824737e-05,0.00031203842126797504
1159,-4.100654072633492e-05,0.00018916011794058036
472,-4.123293706172204e-05,8.510399177447944e-05
1000,-4.167363364698806e-05,0.0001320867820551342
900,-4.170353291045592e-05,8.675725936443411e-05
393,-4.203713289224753e-05,0.00010273735263063822
533,-4.2563215274848964e-05,7.843493948955796e-05
1145,-4.3130006253111475e-05,0.0001193263458371036
1004,-4.314010730657736e-05,0.00026194422757245454
273,-4.3168572292723306e-05,5.4869396285882425e-05
97,-4.3614629522695236e-05,4.392544290829566e-05
1910,-4.458259391973418e-05,6.401969878670164e-05
1273,-4.4752105165940526e-05,0.00011416819164215162
158,-4.563067500928941e-05,6.466346076451175e-05
1377,-4.5744129710062476e-05,4.6138959365323766e-05
571,-4.5770543336626224e-05,0.00021389042944558486
36,-4.5912458399868794e-05,0.0003868306267686314
1231,-4.592535482529636e-05,0.00015577765338634748
137,-4.6024147618423106e-05,0.00018572898555130985
1634,-4.60932629333527e-05,0.0001446472578539395
166,-4.616753081630731e-05,0.0005123956700870372
1608,-4.662057892887428e-05,0.00013172532986256553
843,-4.663638704362205e-05,0.00030170365623259963
3,-4.704187722548436e-05,7.85989277902771e-05
12,-4.717174283140613e-05,0.00014269047775054654
219,-4.787222524199608e-05,9.469698115950186e-05
1281,-4.827334930922189e-05,0.0002972432488646257
325,-4.868786200173947e-05,0.0002743375392894578
44,-4.87760668650139e-05,0.0002822883063381941
911,-4.905079905495602e-05,0.00018694012984014156
372,-4.93075334323384e-05,5.5704428459226025e-05
971,-4.9495647051034375e-05,0.00015151520207192315
200,-4.9731695848181934e-05,0.0001128442900079027
437,-5.0003130084796954e-05,5.0003130084796954e-05
1105,-5.117791202916e-05,0.0001641661219038293
1192,-5.145239203749319e-05,0.00013287637887247236
1696,-5.171847737739377e-05,0.0003562304052627608
1311,-5.2124675990292135e-05,9.894751753834306e-05
599,-5.2352992048906866e-05,0.0002658363744606566
1400,-5.2913432124476745e-05,0.00022272134864425244
902,-5.31022524589142e-05,9.358226876853029e-05
88,-5.342609203320969e-05,4.554515233966153e-05
1704,-5.364185651844655e-05,0.00035992164356664916
681,-5.3652600836867625e-05,5.4744067544992883e-05
1255,-5.4314117925696737e-05,0.000202137481172341
708,-5.468404218073042e-05,7.24437560982242e-05
1988,-5.560377893344681e-05,0.0004221246933189934
1202,-5.650410956944962e-05,0.00012308536962784037
1713,-5.717234696571427e-05,0.00015726805334274064
0,-5.727014915822559e-05,0.00023370203224070118
1165,-5.7692529914249446e-05,0.00023895104650544738
1451,-5.769734098172441e-05,9.979991041838116e-05
992,-5.775949903631672e-05,0.00013570267106570522
1763,-5.8069276162711625e-05,0.00015130163226131045
1856,-5.852685013799097e-05,0.0003024411994553539
1436,-5.9227317094442955e-05,0.0001822631310926551
501,-5.929748200246554e-05,0.00016281848299494253
1188,-5.994340598973469e-05,0.00012135140580834716
116,-6.004934324760347e-05,0.0001947010624430752
1107,-6.0250387497531865e-05,0.000275167508366213
127,-6.066698206425025e-05,9.490012337997491e-05
123,-6.068993016686286e-05,9.780668332318625e-05
1568,-6.141439484927402e-05,0.00015711393655637714
1051,-6.211358841448633e-05,0.00025862592215975476
901,-6.24013224107961e-05,9.261034847406824e-05
1293,-6.264498521028894e-05,0.00045128451489851834
977,-6.272586995277607e-05,0.00013291603781463392
824,-6.351771178554622e-05,0.00011231280489251549
1884,-6.401757114557483e-05,0.0003491631824420498
1629,-6.409524312736559e-05,5.851477892949568e-05
1915,-6.416105503474767e-05,4.73780310119775e-05
2001,-6.434596782967095e-05,6.818822830359129e-05
1432,-6.437355439241343e-05,0.0005297062192719574
1762,-6.48509713428308e-05,0.00011937327731761912
1784,-6.505645796198167e-05,7.598621428129464e-05
801,-6.513091773760471e-05,0.0001841496803577208
678,-6.568820058212854e-05,0.0003409600975329596
562,-6.572250169027682e-05,0.00020901750835224597
1812,-6.573957655844898e-05,7.320128710365341e-05
1788,-6.574329710920535e-05,5.09245389657437e-05
257,-6.574329710920535e-05,5.09245389657437e-05
104,-6.595690289339096e-05,0.0002203702084772663
361,-6.675999306690605e-05,0.00028810862602862073
514,-6.705203540419147e-05,0.00012160361736599483
1599,-6.765466139393994e-05,0.00013786972459453335
1793,-6.778417669425774e-05,0.0001124717065784655
1613,-6.873828160386397e-05,0.00025378442117793195
1190,-6.905405893335714e-05,0.00023331155099588535
1676,-6.921719166057272e-05,6.244044351959254e-05
1528,-6.973994968950681e-05,0.00011563607903981765
146,-7.033742857180669e-05,0.00036848271366476254
831,-7.04519956511579e-05,0.0002394189801305878
646,-7.111701741940868e-05,9.414098771847257e-05
1270,-7.120201423949091e-05,8.639265505023497e-05
627,-7.17272808200553e-05,0.0002858508258967889
1091,-7.179849816664474e-05,0.00012316475119603638
1058,-7.22573620863809e-05,0.00019778181245557537
1114,-7.317632153892861e-05,0.00032798767141183045
1043,-7.333991849947652e-05,0.00032989966476205295
1032,-7.346659630888541e-05,0.00024630068094912724
691,-7.366884841383814e-05,0.0001249041617074304
1798,-7.468030270550707e-05,0.0002750990410261735
457,-7.472847652419123e-05,2.8789914439237875e-05
870,-7.537826902237477e-05,0.0002633682332517524
1477,-7.544188415968545e-05,0.00011410791131843174
920,-7.550269216663463e-05,0.00032606078519992155
476,-7.566818511817175e-05,0.00027336128769494026
1511,-7.590484118902285e-05,0.00034210453003761154
134,-7.613741227555093e-05,0.00043833311906720104
1014,-7.686890718176798e-05,0.0001245197821660082
1021,-7.705135445555678e-05,0.0002573560612405867
1078,-7.758385065288753e-05,0.00012163193502333895
1243,-7.806469642510083e-05,0.00034446217273248584
1131,-7.816992415253521e-05,0.0002222930333703689
839,-7.913596553478508e-05,0.00010927244629852004
1491,-7.920728414190226e-05,0.00019271826485386535
1564,-8.04378085687979e-05,0.00016561919817208176
1407,-8.089504396198433e-05,0.00017732965938687447
838,-8.09073040394237e-05,0.00011313213843123669
601,-8.117789280233378e-05,0.0004632716353291504
758,-8.132755447977369e-05,0.0001437754374631628
1463,-8.136432262528803e-05,0.00028767214624609964
1402,-8.164043863075066e-05,0.00011222023326793532
1487,-8.197271870354073e-05,0.00015006848660229638
1016,-8.230825334326619e-05,0.00025386275753480424
17,-8.2970258670656e-05,0.0
316,-8.2970258670656e-05,0.0
1859,-8.31604847968681e-05,8.306168906829187e-05
444,-8.35782331539553e-05,0.00012221339297454513
1706,-8.394949477670555e-05,0.00015851190892198408
765,-8.40434099796672e-05,9.165347208491215e-05
1655,-8.410221679175378e-05,0.0007484703540510042
1515,-8.458839420852349e-05,0.00036641714089445535
1690,-8.52201799749347e-05,0.00030775038615732435
1221,-8.553916642345394e-05,0.00015525666608449628
1186,-8.593147380300814e-05,0.00013646822491735402
1450,-8.606707680243464e-05,0.00034173908447927056
1423,-8.67900117727527e-05,0.00021766105389369597
1399,-8.757493863942312e-05,0.00029344673027145897
596,-8.768268359031495e-05,0.00021077988080920465
675,-8.811597115641889e-05,0.00020856646101897016
979,-8.84524205019277e-05,0.0002105161583248962
515,-8.852700872025165e-05,6.321283920273224e-05
1465,-8.864706278709222e-05,0.00012956083102538636
1801,-8.871680124879211e-05,0.0002632796812403795
1371,-8.875670662607249e-05,0.00031293447177178235
907,-8.945098241543159e-05,0.000118056563027073
1785,-8.945437213461749e-05,0.00011135846559209412
709,-8.960020774696764e-05,0.00010949978650579393
434,-8.963659640207067e-05,0.00012658166917243194
140,-9.01432548706671e-05,0.0005478744654355602
1981,-9.039797724358367e-05,5.21912964957807e-05
380,-9.072681638540303e-05,0.00029749767631074816
206,-9.103313767448717e-05,0.0007557375298394403
858,-9.104130848100467e-05,0.00013429043362877136
1271,-9.110069174003699e-05,9.375896189088332e-05
1063,-9.120051948859065e-05,0.00024710863649300387
49,-9.176456020969226e-05,0.00018123833504517906
121,-9.212858121354639e-05,0.00023021602542039348
449,-9.213816599383529e-05,0.0002864826995506785
1245,-9.260421440206168e-05,0.00014174014705472363
307,-9.298422481868185e-05,0.0001698313283615691
114,-9.301543324646833e-05,3.445328683085754e-05
1829,-9.352161862222208e-05,7.740345068049251e-05
1007,-9.471029102317563e-05,0.00020024142144691506
1146,-9.50500612619809e-05,8.182170011239137e-05
315,-9.546929219067524e-05,3.3069334322631175e-05
1592,-9.58759561903999e-05,3.681303276630849e-05
1703,-9.58831011941691e-05,0.0002740566882305616
1727,-9.593625383674809e-05,0.00037156064077823326
1203,-9.638580603604785e-05,0.0001360280930670861
1034,-9.700273352955535e-05,0.00027443155849000403
1420,-9.710390125286517e-05,0.00027914466101530905
1387,-9.742540724817783e-05,7.116274068223483e-05
513,-9.758149613817158e-05,6.426789625469439e-05
2004,-9.774710337802361e-05,0.0007896452081111873
1086,-9.825356214854253e-05,0.00011035967860835868
1020,-9.854003338793937e-05,0.00029877762168243195
327,-9.96973415189617e-05,9.419047964848908e-05
321,-0.00010001044533441972,7.072102356771931e-05
961,-0.00010018645856940678,0.0002172430660786535
1227,-0.00010087462943129955,0.00041576708890561995
1642,-0.00010141247248769691,0.0003005109465789594
1158,-0.00010158884846558913,0.00011412243990026078
645,-0.00010179669238896683,9.515308703822124e-05
698,-0.00010214161690563772,5.6496228839785265e-06
443,-0.00010219294809936386,0.0001507475904747071
32,-0.00010264956124635127,0.00013440920777669707
1046,-0.00010265866554359793,0.00019028931467697318
854,-0.00010267183940020075,0.0001859330372454335
384,-0.00010298838262599863,0.00024170779487982512
655,-0.00010326917142093606,0.00024850567516583594
543,-0.00010389854475370552,0.00010132321634799153
722,-0.00010408852894107368,9.537556330175018e-05
504,-0.00010414972383079868,0.00025303117078130134
313,-0.00010458589596758217,0.00011322459872866476
545,-0.0001052403527861262,0.00026829588081388303
773,-0.00010554861560413409,9.201037864419375e-05
991,-0.0001061277248426834,0.00012215053620057435
539,-0.00010635191272588551,0.0001117724622436752
878,-0.0001071336478461471,0.00018151542864860585
1482,-0.0001073297191321737,0.00021420711190943263
90,-0.0001074275255637247,6.380289645686715e-05
1054,-0.00010766061497657908,0.00022885101070696005
287,-0.00010792586959537664,0.00018691232472535204
960,-0.00010795143909415883,0.0003611421590865405
386,-0.00010821379121833674,0.0002640854864035515
485,-0.00010861037725287681,0.00019713448048282935
1697,-0.00010882176501635088,0.00020131755221535416
43,-0.00010921161105545418,0.000124340692278161
1590,-0.00010927103454483333,4.555428009255691e-05
933,-0.00010931046790012278,0.00012321923257923255
789,-0.00010981451097219486,0.00020545142471390458
1410,-0.00011006382935478676,8.263465850030507e-05
432,-0.00011037788608465882,5.7038397103745474e-05
617,-0.00011173512334883284,0.00016311857130998778
306,-0.00011210960140770054,0.00010671795690766118
1361,-0.00011211333057715989,0.0001438749222926744
178,-0.00011213463503978449,0.00017805675852377233
509,-0.00011268029616476327,0.00032839417725633594
234,-0.00011304434269955588,7.419866900287569e-05
133,-0.00011328408811711599,0.00012945785071529642
1808,-0.00011479010860269978,8.115890495026498e-05
492,-0.00011482924575134668,7.899283126227941e-05
696,-0.00011518585143936722,0.0001563627990521141
1062,-0.00011634774523153202,0.00015498891004421607
228,-0.00011667450891394981,8.497385961875438e-05
1417,-0.00011707642964287057,0.00031818853502525317
1425,-0.00011812625323487369,0.0003421244359058696
753,-0.0001181939774728552,0.00026726197461307766
27,-0.00011829529376518322,9.116816947812055e-05
1766,-0.00011843809493465585,0.00010729762202835211
1896,-0.00011940137285684771,7.319182728284758e-05
1060,-0.00011953859037745762,0.0001735508266613126
572,-0.00011955966959315001,0.0002701404396097553
264,-0.00011969062356362303,0.0001297964792262755
547,-0.00011977712964685028,0.0001535998707946464
1484,-0.00012019534998984616,0.0006245529974442249
518,-0.00012077757801430555,0.00012252517561732435
113,-0.00012139535334246276,7.796494733572607e-05
668,-0.00012161502174236338,0.00042974225853157933
776,-0.0001218303599724857,0.00019241504368322192
1272,-0.00012192404546862434,0.00017929032048339736
1764,-0.00012200616626731331,7.294437796987045e-05
1905,-0.0001227958579957389,0.000254296142508683
1490,-0.0001232411761283303,0.00013804368094054225
1767,-0.0001238545560275639,0.00012886096541866326
1543,-0.0001243505087139829,0.0005685786126454644
703,-0.0001244567269578778,5.8670916686709415e-05
1172,-0.00012454962184674234,0.0002111196501630039
1594,-0.00012455092266928924,4.957531058217381e-05
999,-0.00012457250271769027,0.00019660636378336275
1635,-0.00012485810603116154,0.00013574821288274744
131,-0.00012506533716853674,0.00022732656610874118
341,-0.00012514262432820888,0.00018452783843038564
382,-0.0001253512355294112,0.00033656141319984454
1967,-0.00012536202016122378,0.00014518105081687152
1867,-0.00012628650539407704,0.00015968562001076946
796,-0.00012650199141586715,0.00017247932943718571
1087,-0.00012716264029315194,0.00011563979039820776
150,-0.00012723918620791141,0.00024353179625316465
20,-0.0001275319541694242,0.00023885506149962872
845,-0.00012781014017101966,0.0003127383327850585
1945,-0.0001278220097672561,0.00013679262541338094
1052,-0.00012789923009977333,7.639407634162126e-05
1970,-0.00012801881956862882,0.00028318636841136977
1615,-0.0001281999075256196,0.0003118171872952855
1680,-0.00012820224262612145,0.0002304322293329925
1736,-0.00012830138235642163,0.0005282397070993985
1049,-0.00012945235606136307,8.46533973705895e-05
868,-0.0001311771872364309,0.0004006360337296299
1379,-0.00013161734565948768,0.0001852743464097952
1813,-0.00013208755795990346,0.00035906756395536263
621,-0.00013260051795961625,0.00012133928301854804
1830,-0.00013264431089878015,0.00013846406653734107
1307,-0.00013276364596688517,0.00016348408179498206
724,-0.00013302744155434254,0.0003152219440131894
1030,-0.00013303823347614319,0.00036642357403194334
221,-0.00013321632814435047,0.000304629717429904
41,-0.00013361211979774634,0.00023114789575838052
1068,-0.00013409727075336386,0.0001481971484449969
1637,-0.00013483279030565565,0.00034090941097326
112,-0.00013490798945005322,0.00028541901720004713
1504,-0.0001349770475232992,0.00011358923017935507
1073,-0.0001349814532090876,0.00018672657531486
1467,-0.0001350926088293236,0.00022381547855186587
1137,-0.00013545032807833757,0.00014014523587805132
1979,-0.00013571415278504362,0.00022978772831025492
1316,-0.00013586507894997046,0.0004498552481505342
149,-0.00013610245832078316,0.00016060613535250615
163,-0.00013668010874506864,0.00019988339865303792
763,-0.00013812773470267548,0.0002620364386370035
1836,-0.00013845542138625488,0.00036250710635990323
1240,-0.00013846576736431526,0.0001799386239796321
846,-0.0001386210116150477,9.310246820019121e-05
1651,-0.00013894855178406273,0.0002768592833918175
1657,-0.00013905668912322922,0.00021082054801519083
986,-0.00013914023842173662,0.0001615290585109825
1745,-0.0001392131817199993,0.00021898076183366667
35,-0.00013924279603318157,0.0001439421466739515
67,-0.0001395668808380629,0.00025617237781242884
849,-0.00013978479686656275,0.00013840665319567118
1746,-0.00013996022381616846,0.00035042677773068696
1393,-0.00014030759423752648,0.00021922777493361352
310,-0.00014034694619984023,0.00015532320068358663
1103,-0.00014063595625214698,0.00024791896357522327
446,-0.00014214323742427204,0.00023949826673387055
236,-0.000142225359072351,0.0001370725339529695
1097,-0.00014292225841444628,0.0003125249822439692
1125,-0.0001429849164451269,0.000386986397740015
1479,-0.0001432638675809006,0.00016013162040782883
340,-0.00014334477489783004,0.0005945998724471082
1239,-0.00014366389011877256,0.00016153353903818632
1725,-0.00014404990732304335,4.759638309840106e-05
333,-0.00014470410165211278,0.00017211455897630558
759,-0.00014548239227657467,8.124136361557418e-05
1589,-0.00014553626747654258,4.331102363018292e-05
1533,-0.00014633307322430011,0.00041250644768947207
1424,-0.00014646825533627672,0.00014278537137803126
1039,-0.0001464804303908801,9.596277463037565e-05
1037,-0.00014676492571130684,6.370945766762967e-05
1802,-0.00014676895843032667,5.7900155873650804e-05
1757,-0.00014702817549633318,7.21714661347744e-05
799,-0.0001472084440515553,0.00011474534650239305
1047,-0.00014726613036608605,0.00010114082263462985
570,-0.00014752913081515773,0.0001328001718779072
1695,-0.0001485009008794086,0.00022059336571218563
1009,-0.00014946560261194786,0.00010385793631992725
1022,-0.00014967247153070684,0.00017853009512993514
1081,-0.00015037922064153886,0.00033308145493028
1600,-0.0001507586923100851,0.00010454776354776823
1556,-0.00015088865025061904,0.00019970348241306823
1291,-0.00015227374423697204,8.967124975250355e-05
1012,-0.00015321009374917594,0.0001268050202000853
308,-0.00015378564982300447,0.000136130342166522
335,-0.00015390127267968234,0.00010196127062442046
1935,-0.00015407085991434033,0.000506354296640143
1002,-0.00015424639364076953,0.00014924229793645638
1168,-0.00015429586908276283,0.0002160299202991393
1620,-0.00015447110092892125,0.00016622195812041363
1796,-0.00015454170807294165,0.0001259351945892226
440,-0.00015496861386210536,5.6110325731351644e-05
1214,-0.00015502534299609294,9.16978852692741e-05
263,-0.000155372352763139,0.00023955035840763137
1287,-0.00015578496807708286,0.00013532270955290417
477,-0.00015579150452259272,0.0003426092517400014
1682,-0.0001559999402780815,0.0003690641818380873
256,-0.00015643754057452497,0.00012812858935767156
582,-0.00015665615904328356,0.0002369358765670749
368,-0.0001568180110294165,0.00022369349924811603
631,-0.00015709529912300013,0.00024030279858601816
804,-0.00015759038813789594,0.0002211933975241119
917,-0.00015791997416753079,0.0003158588783590701
1869,-0.000157970930202464,9.078945492664875e-05
1576,-0.00015806257181785743,7.707439960100944e-05
1253,-0.00015830599404306755,0.00011953558681677817
1805,-0.00015834994476071618,2.9405418088281566e-05
1440,-0.00015870713055908536,0.00023184398572422124
411,-0.00015872462149141287,0.00015133944041901992
1794,-0.00015877774073468076,8.587748408349702e-05
1212,-0.00015955699961900383,0.0001083271832387592
1445,-0.00015956114179108138,0.00025554769383825444
875,-0.00015966515405511916,0.00017292372720264035
649,-0.00016002933137949926,0.0002619199794791729
710,-0.00016078652737303023,0.00024382002476516082
1292,-0.00016097931772549035,0.0005886749131547309
417,-0.00016113699717966445,0.00019282037196808262
242,-0.00016139460857458876,0.00016542253451095704
1743,-0.00016229532382236456,0.000219323501072296
1738,-0.00016233014659074174,0.00015323783823421148
309,-0.00016261539078635256,0.00014433836076938367
1033,-0.0001626557201951373,7.648559558250149e-05
865,-0.0001633470954340993,0.0002485286407645673
1572,-0.00016371345950520755,0.00010054939766949311
1530,-0.00016390470560226356,0.00023778414079352132
1429,-0.0001650166608940934,0.00020684604714503023
1006,-0.00016523672122698008,0.00010019599995664816
1612,-0.00016560712145484435,0.00018806901395400415
145,-0.00016609048598668907,0.00020719091081947057
1200,-0.00016613135108699273,0.0002325066537620502
1938,-0.00016614292174964296,0.000114583074717306
304,-0.00016621038347904016,0.0002328487197719662
144,-0.00016659455747866647,0.00042856992899657087
1670,-0.0001666407550225263,0.00018702189752799016
880,-0.0001672088940484623,0.00013902624739388532
716,-0.00016839657239585415,0.00012081965831489768
1128,-0.00016907803947921463,0.00011565924336106596
1486,-0.00016951176204631213,0.0001439255884586094
1827,-0.00016975832851980066,0.00010738486726671778
1677,-0.00016980437191879694,0.00011879997128601006
1028,-0.00016984237465829388,0.0002229106247457262
1699,-0.0001713067592388623,0.0001993070065586861
643,-0.00017150466306321832,0.0001136307595169552
478,-0.00017151514662497314,0.00010630560890810806
1866,-0.0001720812780771075,0.0004640738023635632
1646,-0.00017251573454589442,0.0003829715742812981
517,-0.00017254136999468594,0.00033493546360650384
1496,-0.00017263283456449285,0.0002662232841274024
6,-0.00017264832229298144,0.00013559638425127504
377,-0.00017321774781850485,0.0002762658961190225
1322,-0.00017361862749096235,0.0001962205836174334
1352,-0.00017370493816062926,0.00023366696861430036
1601,-0.00017390015233437195,0.00014963377528028017
1524,-0.00017486304135727604,0.00014363270613687972
815,-0.00017585092872926533,0.0006169064090727137
883,-0.0001761199606432895,0.0003658894108797381
447,-0.00017766153785044037,0.00015072041009770926
594,-0.0001777029835913907,0.00015786185585835714
603,-0.00017772153733267015,0.00012637497134375893
692,-0.00017790482134065477,0.00020147924450872784
628,-0.00017791478618980894,0.000129519718609897
1675,-0.00017809194212567436,0.00016724982263570422
1791,-0.000178254960821439,6.836843535581773e-05
791,-0.00017892472984451513,0.000286472963284322
639,-0.00017893241664228288,0.0003148763922517536
1409,-0.00017900221886252288,0.00021285962338613566
772,-0.00017958534195010312,0.00010294503206833009
1650,-0.00017979410889999714,0.000153907220937424
181,-0.0001800910583365789,0.00034113903926455457
1223,-0.00018020204164567732,0.00015248934892081096
1209,-0.00018050456795265513,0.00020258110752403288
1494,-0.0001806556132124687,0.00019851356231585728
867,-0.000180673582427876,0.00015527194329732375
441,-0.00018100361348634408,0.0002828094444663688
1626,-0.00018209149782125178,0.0001588266641165001
1538,-0.0001822873613176318,0.00030804067120783534
1157,-0.00018263320711728315,6.607605045735299e-05
1040,-0.00018304325624252105,0.00025656172333074696
105,-0.00018318589266755336,0.00027894665210377633
990,-0.00018343313116743476,0.0003925415714346748
1008,-0.00018413161039100567,0.00021901370863851874
419,-0.0001845611006132536,0.00020849757751033473
1466,-0.00018482387384806398,0.00034784904876008913
1969,-0.00018575396023033652,0.00016414955068725322
1774,-0.0001859380702206037,0.000233607123058142
861,-0.0001863294756108136,0.00027433599036448016
160,-0.0001866398601148983,0.00013936247777661552
1283,-0.00018665290864688933,0.0003041973748832222
1606,-0.00018689477335441518,9.91231544775224e-05
741,-0.00018814947583717379,0.00026261351804374487
556,-0.00018897074300895655,0.0002671391303626086
975,-0.00018934311221814604,0.00010106445927743136
1419,-0.0001899152030535589,0.0001489181182078376
836,-0.00019002826718020338,0.0002396747545810059
387,-0.00019093463458044746,0.00012702878494337964
1285,-0.00019111117358372454,0.00020245127262299582
460,-0.0001926040334687129,9.92908334354744e-05
1173,-0.0001929645464347346,0.0002389411488215949
1949,-0.00019307353293554486,0.0002115688716732344
1194,-0.00019382693106012594,0.00016319789427764842
1537,-0.00019427076538970633,0.00034822800273528825
1335,-0.00019439677713915804,0.0001159421500070447
609,-0.00019517927873857754,0.00026593472159412604
1234,-0.0001952151416545339,0.00019169888873524403
1633,-0.00019531040142839462,0.000255067233285413
1381,-0.00019531382657796137,0.00038646285887089803
978,-0.00019593657669016162,0.00010382529267738035
862,-0.00019663263376787365,0.00019301745073630548
1729,-0.0001969340760247379,0.00029452743327414523
110,-0.00019699605739396941,0.0001723304784025698
873,-0.00019712509313493665,0.00023046357248822537
1872,-0.0001974148867776443,0.00045726569293137764
1897,-0.00019752600298018896,0.0003515192271796972
1364,-0.00019770198747684486,0.00021645050997446427
246,-0.00019773687535228068,0.00020728202821087267
1717,-0.00019829156523459845,0.00020540562757020292
71,-0.0001985466401348418,2.7445113782488242e-05
1591,-0.00019878170465290057,6.8369992025168e-05
1464,-0.00019896816500312997,0.00011909941969556815
1025,-0.00019992611415588224,0.0002763069219114548
647,-0.00020004958801035644,0.00030063471890367073
857,-0.00020015143452811746,0.00018797989626413028
931,-0.00020021735564791643,0.00021892332611659455
1643,-0.00020072794793711546,0.00033939137879628777
1966,-0.0002012982285453241,0.00032633648485811485
376,-0.000201710018145132,0.00032477908604959077
864,-0.000202343766658869,0.00025970961277316023
1213,-0.0002028177540624454,0.0001571681534599301
1355,-0.00020389314196850306,0.0001849040695850661
235,-0.00020395588990422542,0.0002304365434093697
421,-0.00020450516281235454,8.05781534599419e-05
561,-0.00020458718119566177,0.00016690861213326027
1997,-0.00020480014887316877,7.997416897008074e-05
1263,-0.00020547783019839172,0.0003366230137992129
1625,-0.00020618992549244208,9.325450246476841e-05
1778,-0.0002066569113148703,0.00018865978157218597
1673,-0.00020679009539692483,0.00037977258296233255
1113,-0.00020683275995529715,0.0002141076300982631
1621,-0.00020750199521514523,0.00028542534811612687
353,-0.00020753135452077076,0.0004130688845838768
1760,-0.00020771150206201627,7.479776260084327e-05
1733,-0.0002083208796629099,0.0001357913142397788
1790,-0.00020854431524004735,9.75294851244386e-05
1441,-0.0002090041015403582,0.0003469422293441163
909,-0.00020939729403660068,0.00014823869324425277
168,-0.00020973198746117305,0.0006862270456841785
217,-0.00021023807934295036,0.00020431810266198836
762,-0.00021046610439397206,6.0201865506167375e-05
1376,-0.00021070986222292143,0.00012842233222280412
856,-0.00021086959932264948,0.0003866096416842944
1454,-0.00021116040627523758,0.00018311389876971278
575,-0.0002112437927828531,0.0006208409810269746
908,-0.00021154417689453475,0.0001630604460737946
738,-0.00021198462220248238,0.00023589732757349892
1714,-0.00021202434992619035,0.00023947398371395155
988,-0.00021214485291258522,0.00019381417862911177
1694,-0.00021237476590975357,0.000211551454953536
1786,-0.00021276069875042491,0.000329030468559233
1089,-0.00021301415972603543,0.00019452489516664053
1057,-0.00021369227751519282,0.00012889835798474334
1750,-0.0002147965310212302,0.00027951580558330106
1171,-0.00021491280822856507,0.00024058663605658746
135,-0.000215296734199677,0.00021880756959897468
1503,-0.0002155963139822692,0.0002977807741563288
1861,-0.00021591998598292916,0.00029866668398870346
1603,-0.0002161099526484106,0.0001476706601518286
1728,-0.00021621872355528926,0.00010243953488766464
1818,-0.00021658588026360337,0.0004059023804335889
359,-0.00021668385359742415,0.000324147079731706
479,-0.00021727742777727377,0.00011802204340769613
1088,-0.00021768912488662195,0.00017342729339858004
1726,-0.00021780612444177727,0.00014459071773298152
1198,-0.00021809401328885814,0.00019399382536625475
169,-0.00021936142510209367,0.000438465343912652
636,-0.00021957336239239456,0.00022058990966683002
1061,-0.00021998808241076306,0.0001780472070793408
1383,-0.00022051198190854715,6.900485746615982e-05
642,-0.00022130083870425254,0.0002610190589134471
814,-0.0002216285370514881,0.00024964997968704623
1815,-0.0002217194924869076,0.0004118303857271614
913,-0.00022283960684177373,0.00028407868159002883
997,-0.0002232621139583585,0.0003937831966251477
1349,-0.00022327233782502842,6.097029577684301e-05
1584,-0.00022396194723717233,0.00019654408348355844
728,-0.00022400632272043253,0.00015066407755436815
1819,-0.0002243482130163399,0.0005129808731934937
1772,-0.00022472731172294702,0.0002478350466224006
1839,-0.00022496310994972457,8.710083475172128e-05
972,-0.00022535589857433647,0.0003713418930077603
1679,-0.00022552769168650288,0.00022496920625369142
1055,-0.00022580067300070894,0.00018777856007270627
45,-0.0002259576230927013,0.00014747483596170164
1712,-0.00022601100937667817,9.67125158601408e-05
806,-0.0002262904003371563,0.00025878777503579613
619,-0.000226838911709909,0.00017546205468919887
1160,-0.00022699602021188092,0.00013399388022679713
1430,-0.00022714199346339503,0.0002540826175251751
888,-0.0002277309468136507,0.00023128322898252022
1132,-0.0002278424985360794,0.00014374552654823345
1290,-0.00022800301026590364,0.00019671860338174083
1229,-0.00022847772712991654,0.00040209036452296674
1257,-0.00022862755712882432,0.00020309569966192104
1886,-0.00022888005759831576,0.000439156132874192
526,-0.0002291901395716639,0.00035753372055766247
1401,-0.00022926380221070797,0.00010958603118836583
370,-0.00022965868965442449,0.0003285177233942088
1031,-0.00023033899950736236,0.00015176094338851645
1313,-0.00023079098766314032,0.0003756601655750714
544,-0.00023085884989273997,0.0005425880210201527
1656,-0.00023130952477500022,0.00039745036215380937
46,-0.00023252329194493881,0.00031433918543917054
1968,-0.00023256346930428107,8.77345144842094e-05
1985,-0.00023272055246098544,0.0004846226999660924
935,-0.00023287635323687716,0.00034226950341865813
1333,-0.00023323221640916825,0.00022110799193260014
666,-0.00023406609819483226,0.00033137575874709447
1435,-0.00023423989303099357,0.00013023244906010465
658,-0.00023444961287913402,0.00036351385102393685
1848,-0.00023543917748747312,0.00044997412111812645
164,-0.00023551641016188174,0.00035316239448995016
1517,-0.00023575231800665453,0.0003060362923701859
1100,-0.0002357614378129952,0.00020678428833256974
1878,-0.0002363447767344956,0.00028320219573071086
1838,-0.00023642720423298902,5.81173304914867e-05
956,-0.00023647221960948483,0.000467959304157645
1562,-0.00023659480167122215,0.00014938450229841707
337,-0.00023674286789550358,0.00035792081987568635
1587,-0.0002371105578492655,0.00012024683389487549
1328,-0.00023731530715018212,0.0003925251169455544
976,-0.0002374309338322167,0.00034535590323688274
1722,-0.00023758313463206893,0.00017036968219441627
1747,-0.00023875648818270923,0.00016622648205195175
922,-0.00023925007532936415,0.0003083012336206079
1550,-0.0002403541010118082,0.00010803887555112232
1833,-0.00024077548927368964,0.00022466708825505724
841,-0.00024101744996218866,0.00014418280381854736
586,-0.0002415293520013767,0.00034522988915653715
195,-0.00024194938861933635,0.00027803792712772395
1711,-0.00024207393094265173,9.18616353040847e-05
1605,-0.0002426110465612863,0.0003225573007061936
1468,-0.00024264362634812686,0.00020391492800581366
1965,-0.00024278012766078272,0.0004993908109600346
172,-0.0002428642528424091,0.00027904939504296537
534,-0.0002435222567890999,0.00011498902611806703
1350,-0.0002437835212181355,0.0001437060657282196
1681,-0.0002441627935782509,0.00041616660890255315
192,-0.00024426434216297255,0.00017905040107803232
1843,-0.00024493711072844093,0.0006014925916864718
1614,-0.0002450166847952351,5.6606406375479416e-05
688,-0.0002454430586264905,7.661373660303975e-05
553,-0.0002456841130827614,0.00020635697130892174
648,-0.0002484318360633231,0.00024258325698858603
607,-0.00024868356499531397,0.00036632699421593716
141,-0.0002495123799800547,0.0006971783635288506
693,-0.0002505700624775009,0.0001964369342851311
744,-0.00025092737295211165,0.0003168282566594846
1976,-0.0002512838651459043,6.572719166289607e-05
995,-0.00025156228687053805,0.0001732070724810927
893,-0.0002517180455250817,0.0002565570016126696
362,-0.00025201510757215384,0.0003728940802206194
944,-0.0002532897231766057,0.00017416380158147128
938,-0.00025386976151810237,0.00020060109993623882
1254,-0.0002545728273397052,0.00023985148038530496
1268,-0.00025480175009506834,0.00015248835653675926
1770,-0.0002551717920618174,0.000126029209060576
1513,-0.0002561749349273418,0.00036513583914274704
1604,-0.000256198054216894,0.00023806666176663297
1156,-0.0002566448078653999,0.00027422911302081316
1182,-0.00025836379548332955,0.0005442778951923449
1678,-0.0002588004560595686,0.00027223500716753253
965,-0.00025919958736689286,0.00014068836045238244
1278,-0.00025924315022536615,0.00024582700034609447
948,-0.00025978783426931773,0.00015046124460373793
1284,-0.00026003939031729595,0.00015044722609069446
821,-0.0002601758036229057,0.0003623294745120808
1921,-0.0002609860711326739,0.0006003827481832459
847,-0.00026225859786579986,0.0003183836337540229
1740,-0.0002627274225440457,7.421961721019879e-05
1304,-0.0002653820587804334,0.00039236873626057696
1139,-0.00026543010266949496,7.511876501271201e-05
863,-0.0002656816997374939,0.00034255409917295404
757,-0.00026756265271478397,0.00014693166332316123
1374,-0.00026791883824694995,0.0001097867359073858
660,-0.00026834386980761904,5.183136329153551e-05
1488,-0.0002688451060907232,0.0003402649972317268
663,-0.0002688770718379252,0.0002265952026118769
111,-0.00026934247183539595,0.0002601642615436955
1607,-0.00027044824586126837,0.00022719710664894654
1685,-0.000271141049165341,0.00033239335706735073
329,-0.0002713051098096192,0.00027942145766680703
770,-0.00027163313641037634,0.00016356130550149533
1554,-0.00027232913185717966,0.000218220611479693
1751,-0.0002731516891020941,0.00017676512351406056
1155,-0.0002732360988017962,0.0003885652685843295
1628,-0.0002734040144585781,0.00013085994698396562
410,-0.0002734175941097178,0.00021586526355123735
745,-0.0002757513062746214,0.00040952509572460825
1901,-0.00027615618377081763,9.12644336437046e-05
1079,-0.0002769781760995488,0.00021400672176273862
427,-0.00027705270394583204,0.0002001309978155468
552,-0.0002771918164381354,0.00032998325386059054
132,-0.0002780748114177001,0.00033177591158564657
5,-0.00027832319717124854,0.00023728452146558424
1074,-0.0002785433671082249,0.00016954332242199738
1126,-0.000278599416145206,0.00025709666406008373
183,-0.0002790679367171284,0.00022471920625681552
1,-0.0002793441108369793,0.0001907163287599376
1684,-0.0002810523326238906,0.00018015293423250022
1557,-0.00028117809913309755,0.00015908701769552612
130,-0.0002815146117034206,0.0004645330437849676
1092,-0.00028154933338708776,0.0004551971091907506
194,-0.0002815761793551058,0.00016012213601550188
1720,-0.0002816705857573848,0.00021703456182843727
1931,-0.00028182303795692976,0.00014827943399457806
1779,-0.00028287942570709435,0.0002141429805394129
1224,-0.00028308303471588636,0.00023343305184956117
797,-0.0002831128070187594,0.00021116608468206926
1864,-0.00028339745789925097,0.0002817672180697082
1934,-0.00028394448581160747,0.00031661422603228377
567,-0.00028399760196964885,0.0002099259071500487
782,-0.0002843116626483899,0.00022955816960553097
1795,-0.00028524394802491304,0.0003079339449973376
1459,-0.00028663339723876413,0.00023458246120898542
576,-0.0002867078259658762,0.0003746746512856608
559,-0.0002867341436498111,0.0002865636713297027
1314,-0.00028815759056621815,0.0003154620178525008
1662,-0.00028938155012672717,0.0003475857460118784
733,-0.0002904796045603564,0.0002211377791925813
1759,-0.0002913995293136462,0.00022930778074942487
657,-0.00029150525233302693,0.0003499350172763323
1397,-0.00029164287950692036,0.00021940585106630108
1342,-0.0002926606792677533,0.00041541824323305243
670,-0.00029390782329181964,0.00022435383969286225
138,-0.0002940440141586953,0.0002706869494150889
524,-0.00029405593260324603,0.000410679599468144
1485,-0.00029418950921125675,0.0003488850041110291
1036,-0.0002943442843368338,8.532057728836681e-05
1075,-0.0002945131518400368,0.00030496936133521564
1019,-0.00029452595839606077,0.0002556994207404928
761,-0.00029499163778423654,0.00024758779042530584
1274,-0.00029503449629601775,0.00073162022266849
1136,-0.00029577950646363094,0.00023229940180778897
1686,-0.00029855717441265583,0.00022530522247805277
756,-0.00029855969900619006,0.00012389299691285943
179,-0.00029876583286569947,0.0004142834294382319
1149,-0.0002988678456048721,0.00017912285581585933
1902,-0.0002993433119460043,0.00029683575794095686
1716,-0.0002994840729824422,0.0001545822288843517
1233,-0.0003001426285987041,0.00032743624887166634
1495,-0.00030014396233937757,0.00022515160459392848
1267,-0.00030064899259990563,0.00022966938859535622
1826,-0.00030073061968571846,7.554553013537067e-05
817,-0.0003021949141800845,0.0003909542183542474
1336,-0.0003027226176550851,0.0004281601488458126
38,-0.00030332607807356804,0.0002048030590326627
1458,-0.0003039900898162695,0.00019707955575957092
1797,-0.00030448918381396906,0.00010348997151286337
651,-0.000304781066878812,0.00015393230749626797
499,-0.0003049693124337338,0.00030279375010499807
583,-0.0003051495874654836,0.00030832641818723613
1519,-0.0003068182497585059,0.00016367141380969438
1438,-0.0003070930013075318,0.00014088711955958963
1102,-0.00030716872297968656,0.00037918839019678485
1353,-0.0003079658399877533,0.00030242179374650964
1369,-0.0003085796938976787,0.00011273816716942363
13,-0.00030936457713934273,0.00015883553695624598
1446,-0.00030946249744054355,0.00012775895639092347
1940,-0.00030986757575257595,0.00016823649601073478
1522,-0.0003104266313932319,0.000288436267924636
1709,-0.00031072113768940146,0.00025115630304884794
1169,-0.00031078520085744965,0.00025332249938321517
1249,-0.00031150657835574136,0.00012763276423340795
1121,-0.00031174640690349864,0.000430556152301567
589,-0.00031246433237680504,0.00023412720582061756
859,-0.0003137931163728208,0.00010953163522838953
108,-0.0003153293098245441,0.00025949686724190623
1416,-0.00031632022674146776,0.00027847312482864634
974,-0.000316868176777757,0.0003106005302313123
1973,-0.00031691420048551855,0.0003505806149333178
1367,-0.0003170374439741275,0.00014104558687399993
973,-0.000317147746668342,0.0001619629420092032
851,-0.00031742206297140363,0.00016743606691904114
574,-0.00031809261721169046,0.0002337082165473404
697,-0.00031884354298160333,0.00025632487582610125
573,-0.0003193432115026207,0.0002605379573067922
1982,-0.00032032513147919883,0.00013347634428257987
1904,-0.00032104675707228525,7.92498501102075e-05
882,-0.0003213046913482509,0.0004205435870069322
182,-0.00032150959348820063,0.0003074220541857802
1056,-0.0003224947406451628,0.00038961063159714587
1863,-0.0003227291586401504,0.0004054815153912107
1362,-0.00032421526881230844,0.00026689537527488627
578,-0.00032457151174927756,0.000389042908646022
1205,-0.0003266875012586795,0.000155362195703161
1405,-0.0003271006638018159,0.00019645687542757317
1617,-0.0003276328100019765,0.0002572126015466543
1317,-0.0003283898510179628,0.0002938596084869218
587,-0.000328989183955547,0.00012799518348593857
622,-0.00032900616857384213,0.00026498580917276435
905,-0.000329071576326348,0.00032521877913971076
1586,-0.0003292986826835542,0.0002504826759375898
197,-0.00033077147202596746,0.00012695308390527586
750,-0.0003316743110436948,0.00037370828150705486
1216,-0.0003334794961259019,0.00024004894754923548
1053,-0.00033361349362126536,0.00017880514959601408
152,-0.000333659187634866,0.00019945408714453636
1888,-0.0003345373041478972,0.00022453210182707121
1449,-0.00033516612248360445,0.00022603973645882923
1652,-0.00033739050822803596,0.0002962408400686457
695,-0.0003375723282003362,0.00034113096989010625
1932,-0.0003402350249782221,0.00023931231017115578
1492,-0.00034261839764242186,0.000296088739231051
1070,-0.00034310929519237865,0.0002506892491028517
866,-0.0003439825500205773,0.0002276289622857401
1521,-0.00034592590816495683,0.0001641153895267181
1045,-0.00034673288034042793,0.00021104323806071844
735,-0.00034692258502289075,0.00013818392203249818
191,-0.0003469861081229625,0.00013123919093487038
530,-0.00034858170931927057,0.00035580292435563967
669,-0.000348616474207572,0.00015492027516560166
1542,-0.00034910378115383944,0.000174962828413009
885,-0.000349355181262917,0.00031495850646074926
996,-0.000349486410553726,0.00033094364172842994
1645,-0.00034976452729211516,0.00017037396904370384
1944,-0.0003501899393441865,0.00023328018762683731
422,-0.0003518229031665432,0.00026672632085775465
247,-0.0003518841343712886,0.00021060763285521512
1476,-0.0003519037451543555,0.00018944804821249361
1176,-0.00035192796387156777,0.0003789934578988595
1282,-0.00035352173332313386,0.00024486665416771435
1225,-0.0003540633519681924,0.00038454007265202676
962,-0.0003541341296510181,0.00028122319184013925
1357,-0.00035426078484669665,7.192951946205293e-05
450,-0.00035442849185381153,0.00018114049784749336
404,-0.0003544862143035621,0.00028736692104473874
1602,-0.0003557465240898172,0.00016009013249595422
328,-0.00035750563241541966,0.00027074923131975765
1483,-0.0003577462591175806,0.0003252629387247546
1475,-0.0003581003594288479,0.00026238982969422876
1099,-0.00035982958707921064,0.00016426276465560254
57,-0.0003604570032496729,0.0004078836203261277
1042,-0.00036064154483410327,0.00017234331054801136
736,-0.000361442498142614,0.0001445181968551009
211,-0.00036297253964028,0.00040107455962713106
822,-0.0003631274807933682,0.00034571027409232853
1563,-0.00036348771952947334,0.00018049946832580067
1164,-0.00036379123799021307,0.00027907724426048307
1129,-0.00036386773287572227,0.0006885745250026767
1693,-0.00036419726597025637,9.024133919523804e-05
739,-0.0003652210612496154,0.00019637512429335695
632,-0.00036537652635312834,0.0003318660822615045
1298,-0.000365514959584437,0.00048512568845425713
16,-0.00036551906574913695,0.0002553126323050373
1631,-0.0003657010066072247,0.0002090805546367755
983,-0.00036801706686415137,0.00037515863421855344
749,-0.0003687822437822563,0.00024033412879675062
1462,-0.00036883722785946427,0.0003267842210415622
1939,-0.00036981162491703246,0.00028948354312393617
1929,-0.00037089759136299527,0.00039498673934958205
358,-0.0003724403514001051,0.00029563089840380086
1653,-0.00037307723336472975,0.00019349833970543808
1574,-0.00037373505920323957,0.00038491364170591076
1702,-0.0003739554484697427,0.0004201615709668042
301,-0.000374353962354565,0.0002177729067853285
367,-0.0003743954672712213,0.0004856046908403462
916,-0.00037470659287047736,0.000201379810514792
829,-0.000375110120055519,0.0001931983589233969
1094,-0.0003757725700332254,0.0007973776246463872
1189,-0.0003767181338639042,0.00016294028709042203
1199,-0.0003770083513179312,0.0003224674218020375
1471,-0.0003770794907555497,0.00011358499123056771
549,-0.0003774145729266154,0.00046619807612328234
894,-0.000377780162858124,0.00025255290271722483
1248,-0.00037828830959116266,0.00019802156511350324
1489,-0.0003785380086316348,0.0003032555585040184
790,-0.0003786962863202292,0.0005489065091327837
794,-0.0003787879802597399,0.00024941429864351204
161,-0.00037920792547022075,0.00038432149779550845
1187,-0.0003797335769268606,0.00021148314993695407
720,-0.0003799917842278039,0.0002948568933701451
590,-0.0003801938304491964,0.000250943101171824
1038,-0.0003802010183715926,0.0003690069194297565
1461,-0.00038091574934581707,0.00031654665705930623
317,-0.0003817155700669983,0.00029692492094657904
1332,-0.0003818668835625094,0.00033374196403309204
177,-0.0003837238746406124,0.00028172464605082727
1624,-0.000383757404160856,0.0004879326719599521
1428,-0.00038379018244466545,0.00030723662212029426
555,-0.0003841304907328119,0.00020479509653323287
1551,-0.00038422405910985835,0.0002876331850158822
879,-0.0003848299826434004,0.00027432946913810225
1991,-0.0003863808333401525,0.00045210880441536185
1598,-0.00038711628134287246,0.000224660853695086
667,-0.00038716182630603446,0.0002715631186652256
620,-0.000387231732777521,0.00026694971758897765
966,-0.00038731430364162545,0.00040862207846193067
1329,-0.00038787791739791633,0.00017577364613007593
1059,-0.00038790623820185444,0.00018243508728359092
1241,-0.0003880072046024696,0.0002716138762148637
176,-0.0003884408791521299,0.00021027146188438124
653,-0.0003885368497285602,0.00015597514625644837
1443,-0.0003886722766507783,0.0001467605539071312
204,-0.0003888900654467481,0.0003779077029585076
1370,-0.00038910868820647704,0.00013722475057912479
1018,-0.0003905836492696796,0.00029732641530318593
998,-0.0003911731389767553,0.00025742900394661516
740,-0.000391544254952067,0.00015070037002003802
1961,-0.00039261643535869195,0.000625640512495067
210,-0.00039285632894230094,0.0003373499895000536
1251,-0.0003930306031620229,0.00030932064579077635
1956,-0.00039508347578705305,0.00035632835437853416
662,-0.0003955818647786713,0.0003604809455911617
1264,-0.0003966933549467422,0.0001620588467331399
1974,-0.0003971291571243374,0.0002619446251132008
1610,-0.00039715853556421266,0.00018718380949334022
1565,-0.00039800621121985347,0.00018591708568661128
1434,-0.0003994418980085429,0.0002375250370229481
378,-0.00039980477783038704,0.00018636740606368252
1296,-0.00039990563953855307,0.0003646647228964055
1029,-0.0004006954980088767,0.00021665091347022487
1122,-0.00040111035010699514,0.000238207948313757
1552,-0.00040129544857611665,0.00021945465433350397
519,-0.00040131266475150473,0.00035165845020589917
1083,-0.00040216552133337524,0.0003210527673009083
1124,-0.00040240257831418436,0.00018904594292275083
1426,-0.00040291463579734954,0.00024032127915720144
616,-0.0004038526276122639,0.00025174419600323934
1705,-0.0004056374148077996,0.0004596693291174027
1569,-0.00040577424825874453,9.147200139397824e-05
1318,-0.00040657904818734714,0.0002648854229191451
1821,-0.0004072061468503446,0.00043988431760460145
1382,-0.00040784003457669527,0.00012198756926760413
743,-0.0004082520651867566,0.000131936605232355
967,-0.00040986130467111914,0.0001377440685868449
779,-0.00041008811815389234,0.0002378696091688212
1354,-0.0004111090281550267,0.00036341168583357353
1327,-0.0004120237864007892,0.00035453279272811884
1472,-0.00041316119355190584,0.000599495508104052
405,-0.00041446738705176733,0.00021074628103857546
302,-0.00041504302160272344,0.0003076930137619909
1116,-0.0004150755231759895,0.00040467175462268433
153,-0.0004163838709754508,0.00025527587345351255
42,-0.0004173775610268049,0.00039330822100530264
987,-0.0004176089096154384,9.403469083507806e-05
2,-0.00041795080108263105,0.00041376095030656846
837,-0.0004188098858857875,0.00024857836990385343
1026,-0.00041924875421163466,0.0002750474022538838
1773,-0.0004197404108443742,0.0001750532002909061
1104,-0.0004203748470997387,0.0002168301286454382
1822,-0.00042098022285158576,0.00025449239773856787
330,-0.00042199710189885775,0.0001467238628038297
1520,-0.00042243892381153836,0.00045698581602875805
520,-0.00042310254261411495,0.00014734062374517783
109,-0.0004240375113444411,0.00035590510778245115
1396,-0.0004268445137128457,0.00020802428988711666
1288,-0.00042702825815697787,0.0005223948768084051
664,-0.00042733968089725405,0.00029556671698943
891,-0.00042960462379926234,0.0001800197269344328
1295,-0.0004323375922473116,0.00038979708382780407
581,-0.00043270934382833026,0.00065914467260762
1266,-0.00043302652375912243,0.00038716151181614916
1277,-0.0004338870699660685,0.00031671967001660814
1308,-0.00043443856506658607,0.00016733376172843841
811,-0.00043567183946409405,0.00017012218845765604
706,-0.0004358479615106797,0.00041906717834213166
1958,-0.00043685825916972565,0.00011824002798184524
1001,-0.00043690034461513205,0.00016736571676840626
1900,-0.00043715378454182996,0.00017643245938046728
895,-0.0004388096102571071,0.0002443951254506782
608,-0.00044018580007100516,0.0005335567990685993
1372,-0.00044120049550568086,0.0003991789830772185
1860,-0.000441435763594053,0.00015674621652678476
1862,-0.0004415141524164029,0.0001631691681838111
634,-0.00044176120587681444,0.00033082240478792327
715,-0.00044191626407066864,0.00017547988659842836
954,-0.00044262570113697,0.00014263921146206735
1197,-0.00044330693270688837,0.0001951469974435523
1392,-0.0004436896081439906,0.00013155024659978952
1368,-0.000443956616693747,0.00021154151766112874
746,-0.00044398251068811234,0.0004118818247989435
1359,-0.00044463079508606784,6.494538121399423e-05
788,-0.0004453936841546241,0.00016558303421131498
1560,-0.00044560508921102915,0.0003107368183033917
314,-0.0004460136524240682,0.0002844753293389209
876,-0.0004462763025877142,0.0001819873259770618
1647,-0.000447296528587271,0.00020261511905986866
624,-0.00044843152673927633,0.0002091890340206736
1085,-0.00044865863838904063,0.0001667712489307867
1448,-0.000449273172339934,0.0005110183446929104
1127,-0.0004504098179723276,0.00027969208057008067
751,-0.0004506518704105039,0.00040030039696714955
1320,-0.00045090490824344076,0.000614731345960782
1161,-0.0004510273451103636,9.57138686709313e-05
1506,-0.00045116671802736263,0.00012670647065791951
830,-0.0004518841545063518,0.00013616730986789016
521,-0.0004534348207259481,0.0003042016415792618
1331,-0.0004567534845309751,0.00041728829194002644
369,-0.00045683683139093045,0.0003814540396813885
1847,-0.00045717418376925445,0.0004159864503100116
1516,-0.00045757171430384214,0.00018641859540640505
1857,-0.0004603311252834863,0.0005185256035312944
1148,-0.0004606934314174971,0.0001997942319752384
918,-0.00046104805796864934,0.00031784162666144433
783,-0.00046290360406825437,0.00035482796693010965
659,-0.0004637394579399823,0.0002984800797528867
1734,-0.0004649059148767315,0.00024169455331573105
1748,-0.0004660871056732935,0.00022372320348076777
932,-0.0004663447257922948,0.00023165518297609694
1150,-0.0004706767858554811,0.0001419791154661172
889,-0.0004728007657298222,0.00019287192981731692
803,-0.0004744862508364034,0.0002934301855621032
180,-0.0004783207219218877,0.0005336311161400128
1756,-0.00048031971235808213,0.00032375714239021706
981,-0.00048165845907049976,0.0003257375764758013
640,-0.00048238421532235953,0.00020969655112233765
173,-0.0004859071702843776,0.00035620477753755934
625,-0.00048724730031632357,9.67062411868219e-05
205,-0.0004885935320317752,0.00020154819990710524
1640,-0.0004887392669122304,0.00022193727300571977
919,-0.000489218061460045,0.00035047181151027205
154,-0.0004894454755249994,0.00033203185900523315
593,-0.0004923501220134574,0.0001390348332513815
1804,-0.0004931699401234529,0.00037217279888724714
1072,-0.0004943848608095908,0.0002754290752775563
769,-0.0004988627522205663,0.00017479290523419327
1427,-0.0004990613574416131,0.00019199096196600597
1294,-0.0004991269013756294,0.00024279639225932987
1493,-0.0004994741045302453,0.0002848491306295016
1632,-0.0005015174364392527,0.00017553070886443543
1630,-0.0005018192469234684,0.00023281806409379823
584,-0.000503982533453351,0.0002401096884643031
1166,-0.0005054297853924611,0.00017174108907227592
1691,-0.0005055284105137114,0.00027063178939540784
784,-0.0005061040429523711,0.00032477923603797435
324,-0.0005078018752117108,0.00035497964437690714
1971,-0.0005080286623305036,0.000290576209848794
969,-0.0005083148234913265,0.0002588936059378757
1618,-0.0005123258919055157,0.00030158353405500244
906,-0.0005138569365691348,0.00013900790634435953
597,-0.0005140155881468711,0.00026289982136246007
1842,-0.0005147342462183402,0.0006207276420222711
1846,-0.000515002321207339,0.0007452339741264758
535,-0.0005151434813883693,0.00014600456821411024
1179,-0.0005173978227762666,0.00043272790722133955
1570,-0.0005206846284979832,0.0002547216646273109
689,-0.000521477679458468,0.00022490854944577648
87,-0.0005216424488820454,0.00016801211448670887
832,-0.0005223631879737456,0.00040351102719011383
1297,-0.0005231472421531463,0.0003127685872217445
732,-0.0005254360121946244,0.0002676408300890434
1509,-0.0005258067848137593,0.0004324484013872992
1561,-0.0005281036091471653,0.0004151044912852806
937,-0.000528445756088125,0.00035301083445741095
1844,-0.0005286944446985659,0.00022050564909741925
994,-0.0005289524025435255,0.00032867993769002124
1431,-0.0005299276927428764,0.0003560021642447632
286,-0.0005300950207994815,0.0002581476017764248
208,-0.0005314862276179222,0.00039816741001700846
1875,-0.0005331462226030592,0.0002827527660224334
11,-0.0005338655632384504,0.00018187398364333856
1365,-0.0005343391153325577,0.0002585098883930412
538,-0.0005377889653923745,0.0005623000104527218
1421,-0.0005389246566281231,0.00026283809557654716
665,-0.0005408134327049285,0.00025449824746124136
786,-0.000543704156907715,0.00032230929685011817
1118,-0.0005440499157378653,0.0007152252476308384
592,-0.000544373879354465,0.000221789455503137
1547,-0.0005452752425303409,0.0002465580676714315
844,-0.0005454538127808578,0.00017968681242235113
1527,-0.0005476921963292469,0.0002664762241348861
855,-0.0005477213300995459,0.00029778937721141235
795,-0.0005501645110292247,0.00023674621510101212
1414,-0.0005504197187606169,0.00020817279077320442
167,-0.0005504955530509226,0.00048472283226322897
1066,-0.000550786722225971,0.0003950093585795259
890,-0.0005527155887864038,0.0002237068975566975
823,-0.0005534381566326824,0.00010488247933842766
980,-0.000556922929568826,0.000329321023198557
968,-0.0005610462586333048,0.00022690168516265404
1955,-0.0005615820966169971,0.00033266901844694114
1963,-0.0005627929353312217,0.00041267154215928283
1544,-0.0005646250811731091,0.0003412011549745149
1943,-0.0005684412627418589,0.0003273260549208901
1398,-0.0005695422054472765,0.00022332934389793482
1814,-0.0005723364893274602,0.00044276983753141903
1177,-0.0005735081093677513,0.0003308119970165767
1536,-0.0005784634700404523,0.0005022904842192763
551,-0.0005785194771951857,0.00018919621595810525
209,-0.0005833294610787937,0.00022959465820633767
174,-0.0005839383215669458,0.0006896860310610869
1154,-0.0005840926484145526,0.00034495807192160135
595,-0.0005846486333681983,0.0003993843002239439
1185,-0.0005859473442193092,0.00031797461798832696
953,-0.0005889663977731718,0.0003902967864602102
936,-0.0005937435387699669,0.00023970120400201275
467,-0.0006004260080542112,7.383785082247733e-06
734,-0.0006005657807717502,0.00018175357578001242
1721,-0.0006006741345254557,7.497828545991963e-05
1654,-0.0006025303072611371,0.00035912891997680086
1115,-0.0006027198439545745,0.00043123522109045635
1175,-0.0006080029186518177,0.0001885492092800784
1076,-0.0006086271596854875,0.00020412732846866906
777,-0.0006089972554658707,0.00019177732612147194
1816,-0.0006104788645501097,0.0007000696461121828
557,-0.0006134993502665137,0.00032117591550506665
755,-0.000613756401795118,0.00028133947991591357
1545,-0.0006145411301479303,0.0003450873765104198
550,-0.0006150166106166505,0.0002619810292898148
1084,-0.0006166051669536515,0.0002295972388981707
1439,-0.0006200769787615829,0.00013411254406649848
1003,-0.000620671193646713,0.0005332979336675727
940,-0.0006216580404163202,0.0004439892048456309
680,-0.0006224621102661754,4.55514337141506e-05
1741,-0.0006234569654348515,0.00042874983942089485
8,-0.0006248564933609563,0.0002580653105731436
1098,-0.0006271809469571288,0.0004595305328016182
802,-0.0006277957718281851,0.00041830438338157544
604,-0.0006282556107028298,0.00029266878952853424
1228,-0.0006303325975097612,0.0002809932178342977
958,-0.0006304440722730842,0.0001904610570813326
754,-0.0006329243398308787,0.000248061925827858
1111,-0.0006398396665628914,0.00041682747871046264
614,-0.0006407532916093556,0.00034507619058932805
1300,-0.0006410055478124621,0.00047628968907161126
1299,-0.0006416220779351389,0.00022947430371853504
1096,-0.0006416909640687002,0.00032248184108131837
569,-0.0006424664592382529,0.00034210166014261075
1153,-0.0006488297788615344,0.0005254868000068205
1687,-0.0006511208934548984,0.00023781978746553831
1325,-0.0006548768631546714,0.0003194507739554447
1415,-0.0006555999749077446,0.0003766707714206125
1541,-0.000656538025100975,0.00022965284426743098
175,-0.0006584566577229195,0.0005343695493539939
1412,-0.0006628079397827807,0.0003566360492766318
1936,-0.0006628099317871616,0.00043558720147690734
1508,-0.000664471000639863,0.00040091811774598587
409,-0.0006648117868514325,0.00042438899227756
527,-0.0006651761386904653,0.0001321924184151907
343,-0.0006669822427252392,0.00029079484906491455
1518,-0.0006680352333491707,0.00020356195030939725
886,-0.0006693791986968345,0.00014647601073671887
719,-0.0006710785638451566,0.00030974923425747735
787,-0.0006728839468574527,0.00034544169419543333
1957,-0.0006772823000382594,0.00049686098351035
1252,-0.0006834570718441957,0.00031914990891220474
1514,-0.0006845919021175317,0.000263161568328929
1975,-0.0006874836072377072,0.0004557746504996976
747,-0.000687521900798807,0.00020437798047718888
723,-0.0006894296855434884,0.00021213914052775019
1849,-0.0006907009319285923,0.0004620307683543632
1048,-0.0006921861130178147,0.0004303954416431381
1195,-0.0007087064533799481,0.00020196206247839694
1207,-0.0007169581976524814,0.00017338169608110875
1597,-0.0007180479613900642,0.000350600638823525
1341,-0.0007198023174787571,0.00024759140061554147
1841,-0.0007210105086404017,0.0006986191333638095
964,-0.000723619404769324,0.0004009301986196682
1664,-0.0007284503977392914,0.0004931111371636608
1700,-0.0007373166878911208,0.0006418596789252512
840,-0.0007473093840719008,0.0002656009998379133
577,-0.000748005409448041,0.0006295255261002695
781,-0.0007488130983989288,0.0003751302235678838
1095,-0.0007498403608512116,0.00037605632457595405
366,-0.000750136201640772,0.000285956601124588
1749,-0.0007510836982477231,0.0005232969789478595
874,-0.0007547504786333259,0.00020232207274165672
985,-0.0007606396412284944,0.0002698608774801268
2003,-0.0007609457874316605,0.0005325345537649163
1964,-0.0007612571223905434,0.0006539913513222089
1151,-0.0007659647573804301,0.0006655819130717784
1346,-0.0007665216299724137,0.00019893741293627295
1344,-0.0007693387430569854,0.0004950983274890192
408,-0.0007718773847857907,0.000441168323374269
718,-0.0007763969355524536,0.00039073955082173596
793,-0.0007806631153324667,0.0002744801198507239
1510,-0.0007821290652084284,0.0006673299367891489
1913,-0.0007838625174607372,0.0003654368650897778
1135,-0.0007839243083963554,0.00036506695404044847
1167,-0.000784097995039576,0.00022992556431601738
955,-0.0007926982407218258,0.0002984860800049118
554,-0.0007946475466620029,0.00037068790701547165
1138,-0.0007956274244656364,0.0006637150159617098
1326,-0.000798533650936753,0.00030088668412264703
1581,-0.0007993072798094386,0.0002424823839954187
1498,-0.000802044367178234,0.00026067214526371115
585,-0.0008023492545746608,0.00021417839060085953
1718,-0.0008035569264468467,0.0002857522293491342
605,-0.0008048574078280551,0.000609418621988455
1181,-0.0008082384043758689,0.0004368456054404228
1178,-0.0008097850598817458,0.0006405341427466612
1321,-0.000810000290610513,0.00033949187425183654
611,-0.0008138497199230293,0.00046921710898428375
1877,-0.0008149619839614153,0.00044666707172267677
1820,-0.0008158178399304827,0.0005216051916033845
332,-0.0008167264926123297,0.0003036144275268402
207,-0.0008226471662835244,0.0002949580676411533
503,-0.0008438087175681036,0.0006169550184430258
30,-0.00084501935598294,0.0005513709440216481
500,-0.0008505533572238239,0.00026108619793909377
1106,-0.0008519987249147876,0.0001501919788205209
1993,-0.0008546469627692538,0.000551536029302028
1133,-0.0008562841059309295,0.0003142431840289552
1444,-0.0008680524578054405,0.00027096485494851856
1865,-0.0008682719214738177,0.0005204706078992879
1768,-0.0008744618522166236,0.0003015273862037239
1261,-0.0008775838570066613,0.00039689996846730747
1077,-0.0008807060203170347,0.00035930657748256767
565,-0.0008880725894609837,0.0005939450915189869
18,-0.0008952803568478968,0.0007386444832370485
1667,-0.0008978288926608374,0.00023668393056532853
949,-0.0009316356227935113,0.0003552300075390485
528,-0.0009348034764307955,0.00017910811882836464
1456,-0.0009352257777684309,0.00029755603276413833
717,-0.0009410562250635329,0.00046184237017012704
1529,-0.0009433148558276316,0.0005097303586821174
1180,-0.0009442575042805379,0.0003399295310348328
1345,-0.0009581095079493063,0.0003873253328624066
1619,-0.0009761248681156021,0.0003829931551728508
238,-0.0009854836973794273,0.0003873606051906449
548,-0.000996231790028751,0.0004146285783196176
1946,-0.0010022555302552777,0.00047405895598989783
525,-0.0010032820835771256,0.00023418519430830177
818,-0.0010097479477381016,0.00021994247036698358
508,-0.0010212304990023235,0.00021220995494040622
904,-0.0010363030754019092,0.00026171897350325937
523,-0.0010395390330209808,0.000324010032053161
1123,-0.0010441909316050157,0.00020281387247300903
721,-0.0010508803814636147,0.0003882077975479424
1775,-0.0010878344487590813,0.0005591219212845882
764,-0.0011049241144673178,0.0004895094548862542
1388,-0.001115016320838394,0.00048589691140882784
1776,-0.0011191735960441734,0.00039472660842161775
23,-0.001123903187668654,0.0004897490722458889
139,-0.0011294466753339338,0.0004546340796237907
305,-0.001138361959203471,0.0002949400309850284
1090,-0.0011406244965359441,0.0002578727025712912
1130,-0.0011968386035108025,0.0004427510154676052
1080,-0.001201284163508537,0.0004935840191345102
546,-0.0012118086611875578,0.0003690906070881673
766,-0.001244218458018781,0.0004034119496207347
982,-0.0012831141165117188,0.000502279611011043
1912,-0.0012848918127059544,0.00036512699776118375
737,-0.0013093778509911669,0.0004242293274448061
1120,-0.0013240772555535435,0.00026829179226423917
1898,-0.001344078504361787,0.0004823643818593453
1947,-0.0014453795212141796,0.000609164491320414
1871,-0.0014986380658261467,0.00046359381756090476
1201,-0.001614287734114886,0.0006654122942592669
