path,matches_test,matches_train
D:\g2\Dataset\ExternalCosmetics2\images\910000.jpg,False,False
D:\g2\Dataset\ExternalCosmetics2\images\910001.jpg,False,False
D:\g2\Dataset\ExternalCosmetics2\images\910002.jpg,False,False
D:\g2\Dataset\ExternalCosmetics2\images\910003.jpg,False,False
D:\g2\Dataset\ExternalCosmetics2\images\910004.jpg,False,False
D:\g2\Dataset\ExternalCosmetics2\images\910005.jpg,False,False
D:\g2\Dataset\ExternalCosmetics2\images\910006.jpg,False,False
D:\g2\Dataset\ExternalCosmetics2\images\910007.jpg,False,False
D:\g2\Dataset\ExternalCosmetics2\images\910008.jpg,False,False
D:\g2\Dataset\ExternalCosmetics2\images\910009.jpg,False,False
D:\g2\Dataset\ExternalCosmetics2\images\910010.jpg,False,False
D:\g2\Dataset\ExternalCosmetics2\images\910011.jpg,False,False
D:\g2\Dataset\ExternalCosmetics2\images\910012.jpg,False,False
D:\g2\Dataset\ExternalCosmetics2\images\910013.jpg,False,False
D:\g2\Dataset\ExternalCosmetics2\images\910014.jpg,False,False
D:\g2\Dataset\ExternalCosmetics2\images\910015.jpg,False,False
D:\g2\Dataset\ExternalCosmetics2\images\910016.jpg,False,False
D:\g2\Dataset\ExternalCosmetics2\images\910017.jpg,False,False
D:\g2\Dataset\ExternalCosmetics2\images\910018.jpg,False,False
D:\g2\Dataset\ExternalCosmetics2\images\910019.jpg,False,False
D:\g2\Dataset\ExternalCosmetics2\images\910020.jpg,False,False
D:\g2\Dataset\ExternalCosmetics2\images\910021.jpg,False,False
D:\g2\Dataset\ExternalCosmetics2\images\910022.jpg,False,False
D:\g2\Dataset\ExternalCosmetics2\images\910023.jpg,False,False
D:\g2\Dataset\ExternalCosmetics2\images\910024.jpg,False,False
D:\g2\Dataset\ExternalCosmetics2\images\910025.jpg,False,False
D:\g2\Dataset\ExternalCosmetics2\images\910026.jpg,False,False
D:\g2\Dataset\ExternalCosmetics2\images\910027.jpg,False,False
D:\g2\Dataset\ExternalCosmetics2\images\910028.jpg,False,False
D:\g2\Dataset\ExternalCosmetics2\images\910029.jpg,False,False
D:\g2\Dataset\ExternalCosmetics2\images\910030.jpg,False,False
D:\g2\Dataset\ExternalCosmetics2\images\910031.jpg,False,False
D:\g2\Dataset\ExternalCosmetics2\images\910032.jpg,False,False
D:\g2\Dataset\ExternalCosmetics2\images\910033.jpg,False,False
D:\g2\Dataset\ExternalCosmetics2\images\910034.jpg,False,False
D:\g2\Dataset\ExternalCosmetics2\images\910035.jpg,False,False
D:\g2\Dataset\ExternalCosmetics2\images\910036.jpg,False,False
D:\g2\Dataset\ExternalCosmetics2\images\910037.jpg,False,False
D:\g2\Dataset\ExternalCosmetics2\images\910038.jpg,False,False
D:\g2\Dataset\ExternalCosmetics2\images\910039.jpg,False,False
D:\g2\Dataset\ExternalCosmetics2\images\910040.jpg,False,False
D:\g2\Dataset\ExternalCosmetics2\images\910041.jpg,False,False
D:\g2\Dataset\ExternalCosmetics2\images\910042.jpg,False,False
D:\g2\Dataset\ExternalCosmetics2\images\910043.jpg,False,False
D:\g2\Dataset\ExternalCosmetics2\images\910044.jpg,False,False
D:\g2\Dataset\ExternalCosmetics2\images\910045.jpg,False,False
D:\g2\Dataset\ExternalCosmetics2\images\910046.jpg,False,False
D:\g2\Dataset\ExternalCosmetics2\images\910047.jpg,False,False
D:\g2\Dataset\ExternalCosmetics2\images\910048.jpg,False,False
D:\g2\Dataset\ExternalCosmetics2\images\910049.jpg,False,False
D:\g2\Dataset\ExternalCosmetics2\images\910050.jpg,False,False
D:\g2\Dataset\ExternalCosmetics2\images\910051.jpg,False,False
D:\g2\Dataset\ExternalCosmetics2\images\910052.jpg,False,False
D:\g2\Dataset\ExternalCosmetics2\images\910053.jpg,False,False
D:\g2\Dataset\ExternalCosmetics2\images\910054.jpg,False,False
D:\g2\Dataset\ExternalCosmetics2\images\910055.jpg,False,False
D:\g2\Dataset\ExternalCosmetics2\images\910056.jpg,False,False
D:\g2\Dataset\ExternalCosmetics2\images\910057.jpg,False,False
D:\g2\Dataset\ExternalCosmetics2\images\910058.jpg,False,False
D:\g2\Dataset\ExternalCosmetics2\images\910059.jpg,False,False
D:\g2\Dataset\ExternalCosmetics2\images\910060.jpg,False,False
D:\g2\Dataset\ExternalCosmetics2\images\910061.jpg,False,False
D:\g2\Dataset\ExternalCosmetics2\images\910062.jpg,False,False
D:\g2\Dataset\ExternalCosmetics2\images\910063.jpg,False,False
D:\g2\Dataset\ExternalCosmetics2\images\910064.jpg,False,False
D:\g2\Dataset\ExternalCosmetics2\images\910065.jpg,False,False
D:\g2\Dataset\ExternalCosmetics2\images\910066.jpg,False,False
D:\g2\Dataset\ExternalCosmetics2\images\910067.jpg,False,False
D:\g2\Dataset\ExternalCosmetics2\images\910068.jpg,False,False
D:\g2\Dataset\ExternalCosmetics2\images\910069.jpg,False,False
D:\g2\Dataset\ExternalCosmetics2\images\910070.jpg,False,False
D:\g2\Dataset\ExternalCosmetics2\images\910071.jpg,False,False
D:\g2\Dataset\ExternalCosmetics2\images\910072.jpg,False,False
D:\g2\Dataset\ExternalCosmetics2\images\910073.jpg,False,False
D:\g2\Dataset\ExternalCosmetics2\images\910074.jpg,False,False
D:\g2\Dataset\ExternalCosmetics2\images\910075.jpg,False,False
D:\g2\Dataset\ExternalCosmetics2\images\910076.jpg,False,False
D:\g2\Dataset\ExternalCosmetics2\images\910077.jpg,False,False
D:\g2\Dataset\ExternalCosmetics2\images\910078.jpg,False,False
D:\g2\Dataset\ExternalCosmetics2\images\910079.jpg,False,False
D:\g2\Dataset\ExternalCosmetics2\images\910080.jpg,False,False
D:\g2\Dataset\ExternalCosmetics2\images\910081.jpg,False,False
D:\g2\Dataset\ExternalCosmetics2\images\910082.jpg,False,False
D:\g2\Dataset\ExternalCosmetics2\images\910083.jpg,False,False
D:\g2\Dataset\ExternalCosmetics2\images\910084.jpg,False,False
D:\g2\Dataset\ExternalCosmetics2\images\910085.jpg,False,False
D:\g2\Dataset\ExternalCosmetics2\images\910086.jpg,False,False
D:\g2\Dataset\ExternalCosmetics2\images\910087.jpg,False,False
D:\g2\Dataset\ExternalCosmetics2\images\910088.jpg,False,False
D:\g2\Dataset\ExternalCosmetics2\images\910089.jpg,False,False
D:\g2\Dataset\ExternalCosmetics2\images\910090.jpg,False,False
D:\g2\Dataset\ExternalCosmetics2\images\910091.jpg,False,False
D:\g2\Dataset\ExternalCosmetics2\images\910092.jpg,False,False
D:\g2\Dataset\ExternalCosmetics2\images\910093.jpg,False,False
D:\g2\Dataset\ExternalCosmetics2\images\910094.jpg,False,False
D:\g2\Dataset\ExternalCosmetics2\images\910095.jpg,False,False
D:\g2\Dataset\ExternalCosmetics2\images\910096.jpg,False,False
D:\g2\Dataset\ExternalCosmetics2\images\910097.jpg,False,False
D:\g2\Dataset\ExternalCosmetics2\images\910098.jpg,False,False
D:\g2\Dataset\ExternalCosmetics2\images\910099.jpg,False,False
D:\g2\Dataset\ExternalCosmetics2\images\910100.jpg,False,False
D:\g2\Dataset\ExternalCosmetics2\images\910101.jpg,False,False
D:\g2\Dataset\ExternalCosmetics2\images\910102.jpg,False,False
D:\g2\Dataset\ExternalCosmetics2\images\910103.jpg,False,False
D:\g2\Dataset\ExternalCosmetics2\images\910104.jpg,False,False
D:\g2\Dataset\ExternalCosmetics2\images\910105.jpg,False,False
D:\g2\Dataset\ExternalCosmetics2\images\910106.jpg,False,False
D:\g2\Dataset\ExternalCosmetics2\images\910107.jpg,False,False
D:\g2\Dataset\ExternalCosmetics2\images\910108.jpg,False,False
D:\g2\Dataset\ExternalCosmetics2\images\910109.jpg,False,False
D:\g2\Dataset\ExternalCosmetics2\images\910110.jpg,False,False
D:\g2\Dataset\ExternalCosmetics2\images\910111.jpg,False,False
D:\g2\Dataset\ExternalCosmetics2\images\910112.jpg,False,False
D:\g2\Dataset\ExternalCosmetics2\images\910113.jpg,False,False
D:\g2\Dataset\ExternalCosmetics2\images\910114.jpg,False,False
D:\g2\Dataset\ExternalCosmetics2\images\910115.jpg,False,False
D:\g2\Dataset\ExternalCosmetics2\images\910116.jpg,False,False
D:\g2\Dataset\ExternalCosmetics2\images\910117.jpg,False,False
D:\g2\Dataset\ExternalCosmetics2\images\910118.jpg,False,False
D:\g2\Dataset\ExternalCosmetics2\images\910119.jpg,False,False
D:\g2\Dataset\ExternalCosmetics2\images\910120.jpg,False,False
D:\g2\Dataset\ExternalCosmetics2\images\910121.jpg,False,False
D:\g2\Dataset\ExternalCosmetics2\images\910122.jpg,False,False
D:\g2\Dataset\ExternalCosmetics2\images\910123.jpg,False,False
D:\g2\Dataset\ExternalCosmetics2\images\910124.jpg,False,False
D:\g2\Dataset\ExternalCosmetics2\images\910125.jpg,False,False
D:\g2\Dataset\ExternalCosmetics2\images\910126.jpg,False,False
D:\g2\Dataset\ExternalCosmetics2\images\910127.jpg,False,False
D:\g2\Dataset\ExternalCosmetics2\images\910128.jpg,False,False
D:\g2\Dataset\ExternalCosmetics2\images\910129.jpg,False,False
D:\g2\Dataset\ExternalCosmetics2\images\910130.jpg,False,False
D:\g2\Dataset\ExternalCosmetics2\images\910131.jpg,False,False
D:\g2\Dataset\ExternalCosmetics2\images\910132.jpg,False,False
D:\g2\Dataset\ExternalCosmetics2\images\910133.jpg,False,False
D:\g2\Dataset\ExternalCosmetics2\images\910134.jpg,False,False
D:\g2\Dataset\ExternalCosmetics2\images\910135.jpg,False,False
D:\g2\Dataset\ExternalCosmetics2\images\910136.jpg,False,False
D:\g2\Dataset\ExternalCosmetics2\images\910137.jpg,False,False
D:\g2\Dataset\ExternalCosmetics2\images\910138.jpg,False,False
D:\g2\Dataset\ExternalCosmetics2\images\910139.jpg,False,False
D:\g2\Dataset\ExternalCosmetics2\images\910140.jpg,False,False
D:\g2\Dataset\ExternalCosmetics2\images\910141.jpg,False,False
D:\g2\Dataset\ExternalCosmetics2\images\910142.jpg,False,False
D:\g2\Dataset\ExternalCosmetics2\images\910143.jpg,False,False
D:\g2\Dataset\ExternalCosmetics2\images\910144.jpg,False,False
D:\g2\Dataset\ExternalCosmetics2\images\910145.jpg,False,False
D:\g2\Dataset\ExternalCosmetics2\images\910146.jpg,False,False
D:\g2\Dataset\ExternalCosmetics2\images\910147.jpg,False,False
D:\g2\Dataset\ExternalCosmetics2\images\910148.jpg,False,False
D:\g2\Dataset\ExternalCosmetics2\images\910149.jpg,False,False
D:\g2\Dataset\ExternalCosmetics2\images\910150.jpg,False,False
D:\g2\Dataset\ExternalCosmetics2\images\910151.jpg,False,False
D:\g2\Dataset\ExternalCosmetics2\images\910152.jpg,False,False
D:\g2\Dataset\ExternalCosmetics2\images\910153.jpg,False,False
D:\g2\Dataset\ExternalCosmetics2\images\910154.jpg,False,False
D:\g2\Dataset\ExternalCosmetics2\images\910155.jpg,False,False
D:\g2\Dataset\ExternalCosmetics2\images\910156.jpg,False,False
D:\g2\Dataset\ExternalCosmetics2\images\910157.jpg,False,False
D:\g2\Dataset\ExternalCosmetics2\images\910158.jpg,False,False
D:\g2\Dataset\ExternalCosmetics2\images\910159.jpg,False,False
D:\g2\Dataset\ExternalCosmetics2\images\910160.jpg,False,False
D:\g2\Dataset\ExternalCosmetics2\images\910161.jpg,False,False
D:\g2\Dataset\ExternalCosmetics2\images\910162.jpg,False,False
D:\g2\Dataset\ExternalCosmetics2\images\910163.jpg,False,False
D:\g2\Dataset\ExternalCosmetics2\images\910164.jpg,False,False
D:\g2\Dataset\ExternalCosmetics2\images\910165.jpg,False,False
D:\g2\Dataset\ExternalCosmetics2\images\910166.jpg,False,False
D:\g2\Dataset\ExternalCosmetics2\images\910167.jpg,False,False
D:\g2\Dataset\ExternalCosmetics2\images\910168.jpg,False,False
D:\g2\Dataset\ExternalCosmetics2\images\910169.jpg,False,False
D:\g2\Dataset\ExternalCosmetics2\images\910170.jpg,False,False
D:\g2\Dataset\ExternalCosmetics2\images\910171.jpg,False,False
D:\g2\Dataset\ExternalCosmetics2\images\910172.jpg,False,False
D:\g2\Dataset\ExternalCosmetics2\images\910173.jpg,False,False
D:\g2\Dataset\ExternalCosmetics2\images\910174.jpg,False,False
D:\g2\Dataset\ExternalCosmetics2\images\910175.jpg,False,False
D:\g2\Dataset\ExternalCosmetics2\images\910176.jpg,False,False
D:\g2\Dataset\ExternalCosmetics2\images\910177.jpg,False,False
D:\g2\Dataset\ExternalCosmetics2\images\910178.jpg,False,False
D:\g2\Dataset\ExternalCosmetics2\images\910179.jpg,False,False
D:\g2\Dataset\ExternalCosmetics2\images\910180.jpg,False,False
D:\g2\Dataset\ExternalCosmetics2\images\910181.jpg,False,False
D:\g2\Dataset\ExternalCosmetics2\images\910182.jpg,False,False
D:\g2\Dataset\ExternalCosmetics2\images\910183.jpg,False,False
D:\g2\Dataset\ExternalCosmetics2\images\910184.jpg,False,False
D:\g2\Dataset\ExternalCosmetics2\images\910185.jpg,False,False
D:\g2\Dataset\ExternalCosmetics2\images\910186.jpg,False,False
D:\g2\Dataset\ExternalCosmetics2\images\910187.jpg,False,False
D:\g2\Dataset\ExternalCosmetics2\images\910188.jpg,False,False
D:\g2\Dataset\ExternalCosmetics2\images\910189.jpg,False,False
D:\g2\Dataset\ExternalCosmetics2\images\910190.jpg,False,False
D:\g2\Dataset\ExternalCosmetics2\images\910191.jpg,False,False
D:\g2\Dataset\ExternalCosmetics2\images\910192.jpg,False,False
D:\g2\Dataset\ExternalCosmetics2\images\910193.jpg,False,False
D:\g2\Dataset\ExternalCosmetics2\images\910194.jpg,False,False
D:\g2\Dataset\ExternalCosmetics2\images\910195.jpg,False,False
D:\g2\Dataset\ExternalCosmetics2\images\910196.jpg,False,False
D:\g2\Dataset\ExternalCosmetics2\images\910197.jpg,False,False
D:\g2\Dataset\ExternalCosmetics2\images\910198.jpg,False,False
D:\g2\Dataset\ExternalCosmetics2\images\910199.jpg,False,False
D:\g2\Dataset\ExternalCosmetics2\images\910200.jpg,False,False
D:\g2\Dataset\ExternalCosmetics2\images\910201.jpg,False,False
D:\g2\Dataset\ExternalCosmetics2\images\910202.jpg,False,False
D:\g2\Dataset\ExternalCosmetics2\images\910203.jpg,False,False
D:\g2\Dataset\ExternalCosmetics2\images\910204.jpg,False,False
D:\g2\Dataset\ExternalCosmetics2\images\910205.jpg,False,False
D:\g2\Dataset\ExternalCosmetics2\images\910206.jpg,False,False
D:\g2\Dataset\ExternalCosmetics2\images\910207.jpg,False,False
D:\g2\Dataset\ExternalCosmetics2\images\910208.jpg,False,False
D:\g2\Dataset\ExternalCosmetics2\images\910209.jpg,False,False
D:\g2\Dataset\ExternalCosmetics2\images\910210.jpg,False,False
D:\g2\Dataset\ExternalCosmetics2\images\910211.jpg,False,False
D:\g2\Dataset\ExternalCosmetics2\images\910212.jpg,False,False
D:\g2\Dataset\ExternalCosmetics2\images\910213.jpg,False,False
D:\g2\Dataset\ExternalCosmetics2\images\910214.jpg,False,False
D:\g2\Dataset\ExternalCosmetics2\images\910215.jpg,False,False
D:\g2\Dataset\ExternalCosmetics2\images\910216.jpg,False,False
D:\g2\Dataset\ExternalCosmetics2\images\910217.jpg,False,False
D:\g2\Dataset\ExternalCosmetics2\images\910218.jpg,False,False
D:\g2\Dataset\ExternalCosmetics2\images\910219.jpg,False,False
D:\g2\Dataset\ExternalCosmetics2\images\910220.jpg,False,False
D:\g2\Dataset\ExternalCosmetics2\images\910221.jpg,False,False
D:\g2\Dataset\ExternalCosmetics2\images\910222.jpg,False,False
D:\g2\Dataset\ExternalCosmetics2\images\910223.jpg,False,False
D:\g2\Dataset\ExternalCosmetics2\images\910224.jpg,False,False
D:\g2\Dataset\ExternalCosmetics2\images\910225.jpg,False,False
D:\g2\Dataset\ExternalCosmetics2\images\910226.jpg,False,False
D:\g2\Dataset\ExternalCosmetics2\images\910227.jpg,False,False
D:\g2\Dataset\ExternalCosmetics2\images\910228.jpg,False,False
D:\g2\Dataset\ExternalCosmetics2\images\910229.jpg,False,False
D:\g2\Dataset\ExternalCosmetics2\images\910230.jpg,False,False
D:\g2\Dataset\ExternalCosmetics2\images\910231.jpg,False,False
D:\g2\Dataset\ExternalCosmetics2\images\910232.jpg,False,False
D:\g2\Dataset\ExternalCosmetics2\images\910233.jpg,False,False
D:\g2\Dataset\ExternalCosmetics2\images\910234.jpg,False,False
D:\g2\Dataset\ExternalCosmetics2\images\910235.jpg,False,False
D:\g2\Dataset\ExternalCosmetics2\images\910236.jpg,False,False
D:\g2\Dataset\ExternalCosmetics2\images\910237.jpg,False,False
D:\g2\Dataset\ExternalCosmetics2\images\910238.jpg,False,False
D:\g2\Dataset\ExternalCosmetics2\images\910239.jpg,False,False
D:\g2\Dataset\ExternalCosmetics2\images\910240.jpg,False,False
D:\g2\Dataset\ExternalCosmetics2\images\910241.jpg,False,False
D:\g2\Dataset\ExternalCosmetics2\images\910242.jpg,False,False
D:\g2\Dataset\ExternalCosmetics2\images\910243.jpg,False,False
D:\g2\Dataset\ExternalCosmetics2\images\910244.jpg,False,False
D:\g2\Dataset\ExternalCosmetics2\images\910245.jpg,False,False
D:\g2\Dataset\ExternalCosmetics2\images\910246.jpg,False,False
D:\g2\Dataset\ExternalCosmetics2\images\910247.jpg,False,False
D:\g2\Dataset\ExternalCosmetics2\images\910248.jpg,False,False
D:\g2\Dataset\ExternalCosmetics2\images\910249.jpg,False,False
D:\g2\Dataset\ExternalCosmetics2\images\910250.jpg,False,False
D:\g2\Dataset\ExternalCosmetics2\images\910251.jpg,False,False
D:\g2\Dataset\ExternalCosmetics2\images\910252.jpg,False,False
D:\g2\Dataset\ExternalCosmetics2\images\910253.jpg,False,False
D:\g2\Dataset\ExternalCosmetics2\images\910254.jpg,False,False
D:\g2\Dataset\ExternalCosmetics2\images\910255.jpg,False,False
D:\g2\Dataset\ExternalCosmetics2\images\910256.jpg,False,False
D:\g2\Dataset\ExternalCosmetics2\images\910257.jpg,False,False
D:\g2\Dataset\ExternalCosmetics2\images\910258.jpg,False,False
D:\g2\Dataset\ExternalCosmetics2\images\910259.jpg,False,False
D:\g2\Dataset\ExternalCosmetics2\images\910260.jpg,False,False
D:\g2\Dataset\ExternalCosmetics2\images\910261.jpg,False,False
D:\g2\Dataset\ExternalCosmetics2\images\910262.jpg,False,False
D:\g2\Dataset\ExternalCosmetics2\images\910263.jpg,False,False
D:\g2\Dataset\ExternalCosmetics2\images\910264.jpg,False,False
D:\g2\Dataset\ExternalCosmetics2\images\910265.jpg,False,False
D:\g2\Dataset\ExternalCosmetics2\images\910266.jpg,False,False
D:\g2\Dataset\ExternalCosmetics2\images\910267.jpg,False,False
D:\g2\Dataset\ExternalCosmetics2\images\910268.jpg,False,False
D:\g2\Dataset\ExternalCosmetics2\images\910269.jpg,False,False
D:\g2\Dataset\ExternalCosmetics2\images\910270.jpg,False,False
D:\g2\Dataset\ExternalCosmetics2\images\910271.jpg,False,False
D:\g2\Dataset\ExternalCosmetics2\images\910272.jpg,False,False
D:\g2\Dataset\ExternalCosmetics2\images\910273.jpg,False,False
D:\g2\Dataset\ExternalCosmetics2\images\910274.jpg,False,False
D:\g2\Dataset\ExternalCosmetics2\images\910275.jpg,False,False
D:\g2\Dataset\ExternalCosmetics2\images\910276.jpg,False,False
D:\g2\Dataset\ExternalCosmetics2\images\910277.jpg,False,False
D:\g2\Dataset\ExternalCosmetics2\images\910278.jpg,False,False
D:\g2\Dataset\ExternalCosmetics2\images\910279.jpg,False,False
D:\g2\Dataset\ExternalCosmetics2\images\910280.jpg,False,False
D:\g2\Dataset\ExternalCosmetics2\images\910281.jpg,False,False
D:\g2\Dataset\ExternalCosmetics2\images\910282.jpg,False,False
D:\g2\Dataset\ExternalCosmetics2\images\910283.jpg,False,False
D:\g2\Dataset\ExternalCosmetics2\images\910284.jpg,False,False
D:\g2\Dataset\ExternalCosmetics2\images\910285.jpg,False,False
D:\g2\Dataset\ExternalCosmetics2\images\910286.jpg,False,False
D:\g2\Dataset\ExternalCosmetics2\images\910287.jpg,False,False
D:\g2\Dataset\ExternalCosmetics2\images\910288.jpg,False,False
D:\g2\Dataset\ExternalCosmetics2\images\910289.jpg,False,False
D:\g2\Dataset\ExternalCosmetics2\images\910290.jpg,False,False
D:\g2\Dataset\ExternalCosmetics2\images\910291.jpg,False,False
D:\g2\Dataset\ExternalCosmetics2\images\910292.jpg,False,False
D:\g2\Dataset\ExternalCosmetics2\images\910293.jpg,False,False
D:\g2\Dataset\ExternalCosmetics2\images\910294.jpg,False,False
D:\g2\Dataset\ExternalCosmetics2\images\910295.jpg,False,False
D:\g2\Dataset\ExternalCosmetics2\images\910296.jpg,False,False
D:\g2\Dataset\ExternalCosmetics2\images\910297.jpg,False,False
D:\g2\Dataset\ExternalCosmetics2\images\910298.jpg,False,False
D:\g2\Dataset\ExternalCosmetics2\images\910299.jpg,False,False
D:\g2\Dataset\ExternalCosmetics2\images\910300.jpg,False,False
D:\g2\Dataset\ExternalCosmetics2\images\910301.jpg,False,False
D:\g2\Dataset\ExternalCosmetics2\images\910302.jpg,False,False
D:\g2\Dataset\ExternalCosmetics2\images\910303.jpg,False,False
D:\g2\Dataset\ExternalCosmetics2\images\910304.jpg,False,False
D:\g2\Dataset\ExternalCosmetics2\images\910305.jpg,False,False
D:\g2\Dataset\ExternalCosmetics2\images\910306.jpg,False,False
D:\g2\Dataset\ExternalCosmetics2\images\910307.jpg,False,False
D:\g2\Dataset\ExternalCosmetics2\images\910308.jpg,False,False
D:\g2\Dataset\ExternalCosmetics2\images\910309.jpg,False,False
D:\g2\Dataset\ExternalCosmetics2\images\910310.jpg,False,False
D:\g2\Dataset\ExternalCosmetics2\images\910311.jpg,False,False
D:\g2\Dataset\ExternalCosmetics2\images\910312.jpg,False,False
D:\g2\Dataset\ExternalCosmetics2\images\910313.jpg,False,False
D:\g2\Dataset\ExternalCosmetics2\images\910314.jpg,False,False
D:\g2\Dataset\ExternalCosmetics2\images\910315.jpg,False,False
D:\g2\Dataset\ExternalCosmetics2\images\910316.jpg,False,False
D:\g2\Dataset\ExternalCosmetics2\images\910317.jpg,False,False
D:\g2\Dataset\ExternalCosmetics2\images\910318.jpg,False,False
D:\g2\Dataset\ExternalCosmetics2\images\910319.jpg,False,False
D:\g2\Dataset\ExternalCosmetics2\images\910320.jpg,False,False
D:\g2\Dataset\ExternalCosmetics2\images\910321.jpg,False,False
D:\g2\Dataset\ExternalCosmetics2\images\910322.jpg,False,False
D:\g2\Dataset\ExternalCosmetics2\images\910323.jpg,False,False
D:\g2\Dataset\ExternalCosmetics2\images\910324.jpg,False,False
D:\g2\Dataset\ExternalCosmetics2\images\910325.jpg,False,False
D:\g2\Dataset\ExternalCosmetics2\images\910326.jpg,False,False
D:\g2\Dataset\ExternalCosmetics2\images\910327.jpg,False,False
D:\g2\Dataset\ExternalCosmetics2\images\910328.jpg,False,False
D:\g2\Dataset\ExternalCosmetics2\images\910329.jpg,False,False
D:\g2\Dataset\ExternalCosmetics2\images\910330.jpg,False,False
D:\g2\Dataset\ExternalCosmetics2\images\910331.jpg,False,False
D:\g2\Dataset\ExternalCosmetics2\images\910332.jpg,False,False
D:\g2\Dataset\ExternalCosmetics2\images\910333.jpg,False,False
D:\g2\Dataset\ExternalCosmetics2\images\910334.jpg,False,False
D:\g2\Dataset\ExternalCosmetics2\images\910335.jpg,False,False
D:\g2\Dataset\ExternalCosmetics2\images\910336.jpg,False,False
D:\g2\Dataset\ExternalCosmetics2\images\910337.jpg,False,False
D:\g2\Dataset\ExternalCosmetics2\images\910338.jpg,False,False
D:\g2\Dataset\ExternalCosmetics2\images\910339.jpg,False,False
D:\g2\Dataset\ExternalCosmetics2\images\910340.jpg,False,False
D:\g2\Dataset\ExternalCosmetics2\images\910341.jpg,False,False
D:\g2\Dataset\ExternalCosmetics2\images\910342.jpg,False,False
D:\g2\Dataset\ExternalCosmetics2\images\910343.jpg,False,False
D:\g2\Dataset\ExternalCosmetics2\images\910344.jpg,False,False
D:\g2\Dataset\ExternalCosmetics2\images\910345.jpg,False,False
D:\g2\Dataset\ExternalCosmetics2\images\910346.jpg,False,False
D:\g2\Dataset\ExternalCosmetics2\images\910347.jpg,False,False
D:\g2\Dataset\ExternalCosmetics2\images\910348.jpg,False,False
D:\g2\Dataset\ExternalCosmetics2\images\910349.jpg,False,False
D:\g2\Dataset\ExternalCosmetics2\images\910350.jpg,False,False
D:\g2\Dataset\ExternalCosmetics2\images\910351.jpg,False,False
D:\g2\Dataset\ExternalCosmetics2\images\910352.jpg,False,False
D:\g2\Dataset\ExternalCosmetics2\images\910353.jpg,False,False
D:\g2\Dataset\ExternalCosmetics2\images\910354.jpg,False,False
D:\g2\Dataset\ExternalCosmetics2\images\910355.jpg,False,False
D:\g2\Dataset\ExternalCosmetics2\images\910356.jpg,False,False
D:\g2\Dataset\ExternalCosmetics2\images\910357.jpg,False,False
D:\g2\Dataset\ExternalCosmetics2\images\910358.jpg,False,False
D:\g2\Dataset\ExternalCosmetics2\images\910359.jpg,False,False
D:\g2\Dataset\ExternalCosmetics2\images\910360.jpg,False,False
D:\g2\Dataset\ExternalCosmetics2\images\910361.jpg,False,False
D:\g2\Dataset\ExternalCosmetics2\images\910362.jpg,False,False
D:\g2\Dataset\ExternalCosmetics2\images\910363.jpg,False,False
D:\g2\Dataset\ExternalCosmetics2\images\910364.jpg,False,False
D:\g2\Dataset\ExternalCosmetics2\images\910365.jpg,False,False
D:\g2\Dataset\ExternalCosmetics2\images\910366.jpg,False,False
D:\g2\Dataset\ExternalCosmetics2\images\910367.jpg,False,False
D:\g2\Dataset\ExternalCosmetics2\images\910368.jpg,False,False
D:\g2\Dataset\ExternalCosmetics2\images\910369.jpg,False,False
D:\g2\Dataset\ExternalCosmetics2\images\910370.jpg,False,False
D:\g2\Dataset\ExternalCosmetics2\images\910371.jpg,False,False
D:\g2\Dataset\ExternalCosmetics2\images\910372.jpg,False,False
D:\g2\Dataset\ExternalCosmetics2\images\910373.jpg,False,False
D:\g2\Dataset\ExternalCosmetics2\images\910374.jpg,False,False
D:\g2\Dataset\ExternalCosmetics2\images\910375.jpg,False,False
D:\g2\Dataset\ExternalCosmetics2\images\910376.jpg,False,False
D:\g2\Dataset\ExternalCosmetics2\images\910377.jpg,False,False
D:\g2\Dataset\ExternalCosmetics2\images\910378.jpg,False,False
D:\g2\Dataset\ExternalCosmetics2\images\910379.jpg,False,False
D:\g2\Dataset\ExternalCosmetics2\images\910380.jpg,False,False
D:\g2\Dataset\ExternalCosmetics2\images\910381.jpg,False,False
D:\g2\Dataset\ExternalCosmetics2\images\910382.jpg,False,False
D:\g2\Dataset\ExternalCosmetics2\images\910383.jpg,False,False
D:\g2\Dataset\ExternalCosmetics2\images\910384.jpg,False,False
D:\g2\Dataset\ExternalCosmetics2\images\910385.jpg,False,False
D:\g2\Dataset\ExternalCosmetics2\images\910386.jpg,False,False
D:\g2\Dataset\ExternalCosmetics2\images\910387.jpg,False,False
D:\g2\Dataset\ExternalCosmetics2\images\910388.jpg,False,False
D:\g2\Dataset\ExternalCosmetics2\images\910389.jpg,False,False
D:\g2\Dataset\ExternalCosmetics2\images\910390.jpg,False,False
D:\g2\Dataset\ExternalCosmetics2\images\910391.jpg,False,False
D:\g2\Dataset\ExternalCosmetics2\images\910392.jpg,False,False
D:\g2\Dataset\ExternalCosmetics2\images\910393.jpg,False,False
D:\g2\Dataset\ExternalCosmetics2\images\910394.jpg,False,False
D:\g2\Dataset\ExternalCosmetics2\images\910395.jpg,False,False
D:\g2\Dataset\ExternalCosmetics2\images\910396.jpg,False,False
D:\g2\Dataset\ExternalCosmetics2\images\910397.jpg,False,False
D:\g2\Dataset\ExternalCosmetics2\images\910398.jpg,False,False
D:\g2\Dataset\ExternalCosmetics2\images\910399.jpg,False,False
D:\g2\Dataset\ExternalCosmetics2\images\910400.jpg,False,False
D:\g2\Dataset\ExternalCosmetics2\images\910401.jpg,False,False
D:\g2\Dataset\ExternalCosmetics2\images\910402.jpg,False,False
D:\g2\Dataset\ExternalCosmetics2\images\910403.jpg,False,False
D:\g2\Dataset\ExternalCosmetics2\images\910404.jpg,False,False
D:\g2\Dataset\ExternalCosmetics2\images\910406.jpg,False,False
D:\g2\Dataset\ExternalCosmetics2\images\910407.jpg,False,False
D:\g2\Dataset\ExternalCosmetics2\images\910408.jpg,False,False
D:\g2\Dataset\ExternalCosmetics2\images\910409.jpg,False,False
D:\g2\Dataset\ExternalCosmetics2\images\910410.jpg,False,False
D:\g2\Dataset\ExternalCosmetics2\images\910411.jpg,False,False
D:\g2\Dataset\ExternalCosmetics2\images\910412.jpg,False,False
D:\g2\Dataset\ExternalCosmetics2\images\910413.jpg,False,False
D:\g2\Dataset\ExternalCosmetics2\images\910414.jpg,False,False
D:\g2\Dataset\ExternalCosmetics2\images\910415.jpg,False,False
D:\g2\Dataset\ExternalCosmetics2\images\910416.jpg,False,False
D:\g2\Dataset\ExternalCosmetics2\images\910417.jpg,False,False
D:\g2\Dataset\ExternalCosmetics2\images\910418.jpg,False,False
D:\g2\Dataset\ExternalCosmetics2\images\910419.jpg,False,False
D:\g2\Dataset\ExternalCosmetics2\images\910420.jpg,False,False
D:\g2\Dataset\ExternalCosmetics2\images\910421.jpg,False,False
D:\g2\Dataset\ExternalCosmetics2\images\910422.jpg,False,False
D:\g2\Dataset\ExternalCosmetics2\images\910423.jpg,False,False
D:\g2\Dataset\ExternalCosmetics2\images\910424.jpg,False,False
D:\g2\Dataset\ExternalCosmetics2\images\910425.jpg,False,False
D:\g2\Dataset\ExternalCosmetics2\images\910426.jpg,False,False
D:\g2\Dataset\ExternalCosmetics2\images\910427.jpg,False,False
D:\g2\Dataset\ExternalCosmetics2\images\910428.jpg,False,False
D:\g2\Dataset\ExternalCosmetics2\images\910429.jpg,False,False
D:\g2\Dataset\ExternalCosmetics2\images\910430.jpg,False,False
D:\g2\Dataset\ExternalCosmetics2\images\910431.jpg,False,False
D:\g2\Dataset\ExternalCosmetics2\images\910432.jpg,False,False
D:\g2\Dataset\ExternalCosmetics2\images\910433.jpg,False,False
D:\g2\Dataset\ExternalCosmetics2\images\910434.jpg,False,False
D:\g2\Dataset\ExternalCosmetics2\images\910435.jpg,False,False
D:\g2\Dataset\ExternalCosmetics2\images\910436.jpg,False,False
D:\g2\Dataset\ExternalCosmetics2\images\910437.jpg,False,False
D:\g2\Dataset\ExternalCosmetics2\images\910438.jpg,False,False
D:\g2\Dataset\ExternalCosmetics2\images\910439.jpg,False,False
D:\g2\Dataset\ExternalCosmetics2\images\910440.jpg,False,False
D:\g2\Dataset\ExternalCosmetics2\images\910441.jpg,False,False
D:\g2\Dataset\ExternalCosmetics2\images\910442.jpg,False,False
D:\g2\Dataset\ExternalCosmetics2\images\910443.jpg,False,False
D:\g2\Dataset\ExternalCosmetics2\images\910444.jpg,False,False
D:\g2\Dataset\ExternalCosmetics2\images\910445.jpg,False,False
D:\g2\Dataset\ExternalCosmetics2\images\910446.jpg,False,False
D:\g2\Dataset\ExternalCosmetics2\images\910447.jpg,False,False
D:\g2\Dataset\ExternalCosmetics2\images\910448.jpg,False,False
D:\g2\Dataset\ExternalCosmetics2\images\910449.jpg,False,False
D:\g2\Dataset\ExternalCosmetics2\images\910450.jpg,False,False
D:\g2\Dataset\ExternalCosmetics2\images\910451.jpg,False,False
D:\g2\Dataset\ExternalCosmetics2\images\910452.jpg,False,False
D:\g2\Dataset\ExternalCosmetics2\images\910453.jpg,False,False
D:\g2\Dataset\ExternalCosmetics2\images\910454.jpg,False,False
D:\g2\Dataset\ExternalCosmetics2\images\910455.jpg,False,False
D:\g2\Dataset\ExternalCosmetics2\images\910456.jpg,False,False
D:\g2\Dataset\ExternalCosmetics2\images\910457.jpg,False,False
D:\g2\Dataset\ExternalCosmetics2\images\910458.jpg,False,False
D:\g2\Dataset\ExternalCosmetics2\images\910459.jpg,False,False
D:\g2\Dataset\ExternalCosmetics2\images\910460.jpg,False,False
D:\g2\Dataset\ExternalCosmetics2\images\910461.jpg,False,False
D:\g2\Dataset\ExternalCosmetics2\images\910462.jpg,False,False
D:\g2\Dataset\ExternalCosmetics2\images\910463.jpg,False,False
D:\g2\Dataset\ExternalCosmetics2\images\910464.jpg,False,False
D:\g2\Dataset\ExternalCosmetics2\images\910465.jpg,False,False
D:\g2\Dataset\ExternalCosmetics2\images\910466.jpg,False,False
D:\g2\Dataset\ExternalCosmetics2\images\910467.jpg,False,False
D:\g2\Dataset\ExternalCosmetics2\images\910468.jpg,False,False
D:\g2\Dataset\ExternalCosmetics2\images\910469.jpg,False,False
D:\g2\Dataset\ExternalCosmetics2\images\910470.jpg,False,False
D:\g2\Dataset\ExternalCosmetics2\images\910471.jpg,False,False
D:\g2\Dataset\ExternalCosmetics2\images\910472.jpg,False,False
D:\g2\Dataset\ExternalCosmetics2\images\910473.jpg,False,False
D:\g2\Dataset\ExternalCosmetics2\images\910474.jpg,False,False
D:\g2\Dataset\ExternalCosmetics2\images\910475.jpg,False,False
D:\g2\Dataset\ExternalCosmetics2\images\910476.jpg,False,False
D:\g2\Dataset\ExternalCosmetics2\images\910477.jpg,False,False
D:\g2\Dataset\ExternalCosmetics2\images\910478.jpg,False,False
D:\g2\Dataset\ExternalCosmetics2\images\910479.jpg,False,False
D:\g2\Dataset\ExternalCosmetics2\images\910480.jpg,False,False
D:\g2\Dataset\ExternalCosmetics2\images\910481.jpg,False,False
D:\g2\Dataset\ExternalCosmetics2\images\910482.jpg,False,False
D:\g2\Dataset\ExternalCosmetics2\images\910483.jpg,False,False
D:\g2\Dataset\ExternalCosmetics2\images\910484.jpg,False,False
D:\g2\Dataset\ExternalCosmetics2\images\910485.jpg,False,False
D:\g2\Dataset\ExternalCosmetics2\images\910486.jpg,False,False
D:\g2\Dataset\ExternalCosmetics2\images\910487.jpg,False,False
D:\g2\Dataset\ExternalCosmetics2\images\910488.jpg,False,False
D:\g2\Dataset\ExternalCosmetics2\images\910489.jpg,False,False
D:\g2\Dataset\ExternalCosmetics2\images\910490.jpg,False,False
D:\g2\Dataset\ExternalCosmetics2\images\910491.jpg,False,False
D:\g2\Dataset\ExternalCosmetics2\images\910492.jpg,False,False
D:\g2\Dataset\ExternalCosmetics2\images\910493.jpg,False,False
D:\g2\Dataset\ExternalCosmetics2\images\910494.jpg,False,False
D:\g2\Dataset\ExternalCosmetics2\images\910495.jpg,False,False
D:\g2\Dataset\ExternalCosmetics2\images\910496.jpg,False,False
D:\g2\Dataset\ExternalCosmetics2\images\910497.jpg,False,False
D:\g2\Dataset\ExternalCosmetics2\images\910498.jpg,False,False
D:\g2\Dataset\ExternalCosmetics2\images\910499.jpg,False,False
D:\g2\Dataset\ExternalCosmetics2\images\910500.jpg,False,False
D:\g2\Dataset\ExternalCosmetics2\images\910501.jpg,False,False
D:\g2\Dataset\ExternalCosmetics2\images\910502.jpg,False,False
D:\g2\Dataset\ExternalCosmetics2\images\910503.jpg,False,False
D:\g2\Dataset\ExternalCosmetics2\images\910504.jpg,False,False
D:\g2\Dataset\ExternalCosmetics2\images\910505.jpg,False,False
D:\g2\Dataset\ExternalCosmetics2\images\910506.jpg,False,False
D:\g2\Dataset\ExternalCosmetics2\images\910507.jpg,False,False
D:\g2\Dataset\ExternalCosmetics2\images\910508.jpg,False,False
D:\g2\Dataset\ExternalCosmetics2\images\910509.jpg,False,False
D:\g2\Dataset\ExternalCosmetics2\images\910510.jpg,False,False
D:\g2\Dataset\ExternalCosmetics2\images\910511.jpg,False,False
D:\g2\Dataset\ExternalCosmetics2\images\910512.jpg,False,False
D:\g2\Dataset\ExternalCosmetics2\images\910513.jpg,False,False
D:\g2\Dataset\ExternalCosmetics2\images\910514.jpg,False,False
D:\g2\Dataset\ExternalCosmetics2\images\910515.jpg,False,False
D:\g2\Dataset\ExternalCosmetics2\images\910516.jpg,False,False
D:\g2\Dataset\ExternalCosmetics2\images\910517.jpg,False,False
D:\g2\Dataset\ExternalCosmetics2\images\910518.jpg,False,False
D:\g2\Dataset\ExternalCosmetics2\images\910519.jpg,False,False
D:\g2\Dataset\ExternalCosmetics2\images\910520.jpg,False,False
D:\g2\Dataset\ExternalCosmetics2\images\910521.jpg,False,False
D:\g2\Dataset\ExternalCosmetics2\images\910522.jpg,False,False
D:\g2\Dataset\ExternalCosmetics2\images\910523.jpg,False,False
D:\g2\Dataset\ExternalCosmetics2\images\910524.jpg,False,False
D:\g2\Dataset\ExternalCosmetics2\images\910525.jpg,False,False
D:\g2\Dataset\ExternalCosmetics2\images\910526.jpg,False,False
D:\g2\Dataset\ExternalCosmetics2\images\910527.jpg,False,False
D:\g2\Dataset\ExternalCosmetics2\images\910528.jpg,False,False
D:\g2\Dataset\ExternalCosmetics2\images\910529.jpg,False,False
D:\g2\Dataset\ExternalCosmetics2\images\910530.jpg,False,False
D:\g2\Dataset\ExternalCosmetics2\images\910531.jpg,False,False
D:\g2\Dataset\ExternalCosmetics2\images\910532.jpg,False,False
D:\g2\Dataset\ExternalCosmetics2\images\910533.jpg,False,False
D:\g2\Dataset\ExternalCosmetics2\images\910534.jpg,False,False
D:\g2\Dataset\ExternalCosmetics2\images\910535.jpg,False,False
D:\g2\Dataset\ExternalCosmetics2\images\910536.jpg,False,False
D:\g2\Dataset\ExternalCosmetics2\images\910537.jpg,False,False
D:\g2\Dataset\ExternalCosmetics2\images\910538.jpg,False,False
D:\g2\Dataset\ExternalCosmetics2\images\910539.jpg,False,False
D:\g2\Dataset\ExternalCosmetics2\images\910540.jpg,False,False
D:\g2\Dataset\ExternalCosmetics2\images\910541.jpg,False,False
D:\g2\Dataset\ExternalCosmetics2\images\910542.jpg,False,False
D:\g2\Dataset\ExternalCosmetics2\images\910543.jpg,False,False
D:\g2\Dataset\ExternalCosmetics2\images\910544.jpg,False,False
D:\g2\Dataset\ExternalCosmetics2\images\910545.jpg,False,False
D:\g2\Dataset\ExternalCosmetics2\images\910546.jpg,False,False
D:\g2\Dataset\ExternalCosmetics2\images\910547.jpg,False,False
D:\g2\Dataset\ExternalCosmetics2\images\910548.jpg,False,False
D:\g2\Dataset\ExternalCosmetics2\images\910549.jpg,False,False
D:\g2\Dataset\ExternalCosmetics2\images\910550.jpg,False,False
D:\g2\Dataset\ExternalCosmetics2\images\910551.jpg,False,False
D:\g2\Dataset\ExternalCosmetics2\images\910552.jpg,False,False
D:\g2\Dataset\ExternalCosmetics2\images\910553.jpg,False,False
D:\g2\Dataset\ExternalCosmetics2\images\910554.jpg,False,False
D:\g2\Dataset\ExternalCosmetics2\images\910555.jpg,False,False
D:\g2\Dataset\ExternalCosmetics2\images\910556.jpg,False,False
D:\g2\Dataset\ExternalCosmetics2\images\910557.jpg,False,False
D:\g2\Dataset\ExternalCosmetics2\images\910558.jpg,False,False
D:\g2\Dataset\ExternalCosmetics2\images\910559.jpg,False,False
D:\g2\Dataset\ExternalCosmetics2\images\910560.jpg,False,False
D:\g2\Dataset\ExternalCosmetics2\images\910561.jpg,False,False
D:\g2\Dataset\ExternalCosmetics2\images\910562.jpg,False,False
D:\g2\Dataset\ExternalCosmetics2\images\910563.jpg,False,False
D:\g2\Dataset\ExternalCosmetics2\images\910564.jpg,False,False
D:\g2\Dataset\ExternalCosmetics2\images\910565.jpg,False,False
D:\g2\Dataset\ExternalCosmetics2\images\910566.jpg,False,False
D:\g2\Dataset\ExternalCosmetics2\images\910567.jpg,False,False
D:\g2\Dataset\ExternalCosmetics2\images\910568.jpg,False,False
D:\g2\Dataset\ExternalCosmetics2\images\910569.jpg,False,False
D:\g2\Dataset\ExternalCosmetics2\images\910570.jpg,False,False
D:\g2\Dataset\ExternalCosmetics2\images\910571.jpg,False,False
D:\g2\Dataset\ExternalCosmetics2\images\910572.jpg,False,False
D:\g2\Dataset\ExternalCosmetics2\images\910573.jpg,False,False
D:\g2\Dataset\ExternalCosmetics2\images\910574.jpg,False,False
D:\g2\Dataset\ExternalCosmetics2\images\910575.jpg,False,False
D:\g2\Dataset\ExternalCosmetics2\images\910576.jpg,False,False
D:\g2\Dataset\ExternalCosmetics2\images\910577.jpg,False,False
D:\g2\Dataset\ExternalCosmetics2\images\910578.jpg,False,False
D:\g2\Dataset\ExternalCosmetics2\images\910579.jpg,False,False
D:\g2\Dataset\ExternalCosmetics2\images\910580.jpg,False,False
D:\g2\Dataset\ExternalCosmetics2\images\910581.jpg,False,False
D:\g2\Dataset\ExternalCosmetics2\images\910582.jpg,False,False
D:\g2\Dataset\ExternalCosmetics2\images\910583.jpg,False,False
D:\g2\Dataset\ExternalCosmetics2\images\910584.jpg,False,False
D:\g2\Dataset\ExternalCosmetics2\images\910585.jpg,False,False
D:\g2\Dataset\ExternalCosmetics2\images\910586.jpg,False,False
D:\g2\Dataset\ExternalCosmetics2\images\910587.jpg,False,False
D:\g2\Dataset\ExternalCosmetics2\images\910588.jpg,False,False
D:\g2\Dataset\ExternalCosmetics2\images\910589.jpg,False,False
D:\g2\Dataset\ExternalCosmetics2\images\910590.jpg,False,False
D:\g2\Dataset\ExternalCosmetics2\images\910591.jpg,False,False
D:\g2\Dataset\ExternalCosmetics2\images\910592.jpg,False,False
D:\g2\Dataset\ExternalCosmetics2\images\910593.jpg,False,False
D:\g2\Dataset\ExternalCosmetics2\images\910594.jpg,False,False
D:\g2\Dataset\ExternalCosmetics2\images\910595.jpg,False,False
D:\g2\Dataset\ExternalCosmetics2\images\910596.jpg,False,False
D:\g2\Dataset\ExternalCosmetics2\images\910597.jpg,False,False
D:\g2\Dataset\ExternalCosmetics2\images\910598.jpg,False,False
D:\g2\Dataset\ExternalCosmetics2\images\910599.jpg,False,False
D:\g2\Dataset\ExternalCosmetics2\images\910600.jpg,False,False
D:\g2\Dataset\ExternalCosmetics2\images\910601.jpg,False,False
D:\g2\Dataset\ExternalCosmetics2\images\910602.jpg,False,False
D:\g2\Dataset\ExternalCosmetics2\images\910603.jpg,False,False
D:\g2\Dataset\ExternalCosmetics2\images\910604.jpg,False,False
D:\g2\Dataset\ExternalCosmetics2\images\910605.jpg,False,False
D:\g2\Dataset\ExternalCosmetics2\images\910606.jpg,False,False
D:\g2\Dataset\ExternalCosmetics2\images\910607.jpg,False,False
D:\g2\Dataset\ExternalCosmetics2\images\910608.jpg,False,False
D:\g2\Dataset\ExternalCosmetics2\images\910609.jpg,False,False
D:\g2\Dataset\ExternalCosmetics2\images\910610.jpg,False,False
D:\g2\Dataset\ExternalCosmetics2\images\910611.jpg,False,False
D:\g2\Dataset\ExternalCosmetics2\images\910612.jpg,False,False
D:\g2\Dataset\ExternalCosmetics2\images\910613.jpg,False,False
D:\g2\Dataset\ExternalCosmetics2\images\910614.jpg,False,False
D:\g2\Dataset\ExternalCosmetics2\images\910615.jpg,False,False
D:\g2\Dataset\ExternalCosmetics2\images\910616.jpg,False,False
D:\g2\Dataset\ExternalCosmetics2\images\910617.jpg,False,False
D:\g2\Dataset\ExternalCosmetics2\images\910618.jpg,False,False
D:\g2\Dataset\ExternalCosmetics2\images\910619.jpg,False,False
D:\g2\Dataset\ExternalCosmetics2\images\910620.jpg,False,False
D:\g2\Dataset\ExternalCosmetics2\images\910621.jpg,False,False
D:\g2\Dataset\ExternalCosmetics2\images\910622.jpg,False,False
D:\g2\Dataset\ExternalCosmetics2\images\910623.jpg,False,False
D:\g2\Dataset\ExternalCosmetics2\images\910624.jpg,False,False
D:\g2\Dataset\ExternalCosmetics2\images\910625.jpg,False,False
D:\g2\Dataset\ExternalCosmetics2\images\910626.jpg,False,False
D:\g2\Dataset\ExternalCosmetics2\images\910627.jpg,False,False
D:\g2\Dataset\ExternalCosmetics2\images\910628.jpg,False,False
D:\g2\Dataset\ExternalCosmetics2\images\910629.jpg,False,False
D:\g2\Dataset\ExternalCosmetics2\images\910630.jpg,False,False
D:\g2\Dataset\ExternalCosmetics2\images\910631.jpg,False,False
D:\g2\Dataset\ExternalCosmetics2\images\910632.jpg,False,False
D:\g2\Dataset\ExternalCosmetics2\images\910633.jpg,False,False
D:\g2\Dataset\ExternalCosmetics2\images\910634.jpg,False,False
D:\g2\Dataset\ExternalCosmetics2\images\910635.jpg,False,False
D:\g2\Dataset\ExternalCosmetics2\images\910636.jpg,False,False
D:\g2\Dataset\ExternalCosmetics2\images\910637.jpg,False,False
D:\g2\Dataset\ExternalCosmetics2\images\910638.jpg,False,False
D:\g2\Dataset\ExternalCosmetics2\images\910639.jpg,False,False
D:\g2\Dataset\ExternalCosmetics2\images\910640.jpg,False,False
D:\g2\Dataset\ExternalCosmetics2\images\910641.jpg,False,False
D:\g2\Dataset\ExternalCosmetics2\images\910642.jpg,False,False
D:\g2\Dataset\ExternalCosmetics2\images\910643.jpg,False,False
D:\g2\Dataset\ExternalCosmetics2\images\910644.jpg,False,False
D:\g2\Dataset\ExternalCosmetics2\images\910645.jpg,False,False
D:\g2\Dataset\ExternalCosmetics2\images\910646.jpg,False,False
D:\g2\Dataset\ExternalCosmetics2\images\910647.jpg,False,False
D:\g2\Dataset\ExternalCosmetics2\images\910648.jpg,False,False
D:\g2\Dataset\ExternalCosmetics2\images\910649.jpg,False,False
D:\g2\Dataset\ExternalCosmetics2\images\910650.jpg,False,False
D:\g2\Dataset\ExternalCosmetics2\images\910651.jpg,False,False
D:\g2\Dataset\ExternalCosmetics2\images\910652.jpg,False,False
D:\g2\Dataset\ExternalCosmetics2\images\910653.jpg,False,False
D:\g2\Dataset\ExternalCosmetics2\images\910654.jpg,False,False
D:\g2\Dataset\ExternalCosmetics2\images\910655.jpg,False,False
D:\g2\Dataset\ExternalCosmetics2\images\910656.jpg,False,False
D:\g2\Dataset\ExternalCosmetics2\images\910657.jpg,False,False
D:\g2\Dataset\ExternalCosmetics2\images\910658.jpg,False,False
D:\g2\Dataset\ExternalCosmetics2\images\910659.jpg,False,False
D:\g2\Dataset\ExternalCosmetics2\images\910660.jpg,False,False
D:\g2\Dataset\ExternalCosmetics2\images\910661.jpg,False,False
D:\g2\Dataset\ExternalCosmetics2\images\910662.jpg,False,False
D:\g2\Dataset\ExternalCosmetics2\images\910663.jpg,False,False
D:\g2\Dataset\ExternalCosmetics2\images\910664.jpg,False,False
D:\g2\Dataset\ExternalCosmetics2\images\910665.jpg,False,False
D:\g2\Dataset\ExternalCosmetics2\images\910666.jpg,False,False
D:\g2\Dataset\ExternalCosmetics2\images\910667.jpg,False,False
D:\g2\Dataset\ExternalCosmetics2\images\910668.jpg,False,False
D:\g2\Dataset\ExternalCosmetics2\images\910669.jpg,False,False
D:\g2\Dataset\ExternalCosmetics2\images\910670.jpg,False,False
D:\g2\Dataset\ExternalCosmetics2\images\910671.jpg,False,False
D:\g2\Dataset\ExternalCosmetics2\images\910672.jpg,False,False
D:\g2\Dataset\ExternalCosmetics2\images\910673.jpg,False,False
D:\g2\Dataset\ExternalCosmetics2\images\910674.jpg,False,False
D:\g2\Dataset\ExternalCosmetics2\images\910675.jpg,False,False
D:\g2\Dataset\ExternalCosmetics2\images\910676.jpg,False,False
D:\g2\Dataset\ExternalCosmetics2\images\910677.jpg,False,False
D:\g2\Dataset\ExternalCosmetics2\images\910678.jpg,False,False
D:\g2\Dataset\ExternalCosmetics2\images\910679.jpg,False,False
D:\g2\Dataset\ExternalCosmetics2\images\910680.jpg,False,False
D:\g2\Dataset\ExternalCosmetics2\images\910681.jpg,False,False
D:\g2\Dataset\ExternalCosmetics2\images\910682.jpg,False,False
D:\g2\Dataset\ExternalCosmetics2\images\910683.jpg,False,False
D:\g2\Dataset\ExternalCosmetics2\images\910684.jpg,False,False
D:\g2\Dataset\ExternalCosmetics2\images\910685.jpg,False,False
D:\g2\Dataset\ExternalCosmetics2\images\910686.jpg,False,False
D:\g2\Dataset\ExternalCosmetics2\images\910687.jpg,False,False
D:\g2\Dataset\ExternalCosmetics2\images\910688.jpg,False,False
D:\g2\Dataset\ExternalCosmetics2\images\910689.jpg,False,False
D:\g2\Dataset\ExternalCosmetics2\images\910690.jpg,False,False
D:\g2\Dataset\ExternalCosmetics2\images\910691.jpg,False,False
D:\g2\Dataset\ExternalCosmetics2\images\910692.jpg,False,False
D:\g2\Dataset\ExternalCosmetics2\images\910693.jpg,False,False
D:\g2\Dataset\ExternalCosmetics2\images\910694.jpg,False,False
D:\g2\Dataset\ExternalCosmetics2\images\910695.jpg,False,False
D:\g2\Dataset\ExternalCosmetics2\images\910696.jpg,False,False
D:\g2\Dataset\ExternalCosmetics2\images\910697.jpg,False,False
D:\g2\Dataset\ExternalCosmetics2\images\910698.jpg,False,False
D:\g2\Dataset\ExternalCosmetics2\images\910699.jpg,False,False
